[
  {
    "name": "Process Start",
    "start": 1609151832857,
    "end": 1609151833991,
    "duration": 1134,
    "pid": 2652,
    "index": 0
  },
  {
    "name": "Application Start",
    "start": 1609151833991,
    "end": 1609151835091,
    "duration": 1100,
    "pid": 2652,
    "index": 1
  },
  {
    "name": "Load Plugin",
    "start": 1609151833998,
    "end": 1609151834040,
    "duration": 42,
    "pid": 2652,
    "index": 2
  },
  {
    "name": "Load Config",
    "start": 1609151834040,
    "end": 1609151834079,
    "duration": 39,
    "pid": 2652,
    "index": 3
  },
  {
    "name": "Require(0) config/config.default.js",
    "start": 1609151834041,
    "end": 1609151834041,
    "duration": 0,
    "pid": 2652,
    "index": 4
  },
  {
    "name": "Require(1) node_modules/egg-session/config/config.default.js",
    "start": 1609151834043,
    "end": 1609151834043,
    "duration": 0,
    "pid": 2652,
    "index": 5
  },
  {
    "name": "Require(2) node_modules/egg-security/config/config.default.js",
    "start": 1609151834044,
    "end": 1609151834044,
    "duration": 0,
    "pid": 2652,
    "index": 6
  },
  {
    "name": "Require(3) node_modules/egg-jsonp/config/config.default.js",
    "start": 1609151834045,
    "end": 1609151834046,
    "duration": 1,
    "pid": 2652,
    "index": 7
  },
  {
    "name": "Require(4) node_modules/egg-onerror/config/config.default.js",
    "start": 1609151834046,
    "end": 1609151834047,
    "duration": 1,
    "pid": 2652,
    "index": 8
  },
  {
    "name": "Require(5) node_modules/egg-i18n/config/config.default.js",
    "start": 1609151834048,
    "end": 1609151834048,
    "duration": 0,
    "pid": 2652,
    "index": 9
  },
  {
    "name": "Require(6) node_modules/egg-watcher/config/config.default.js",
    "start": 1609151834049,
    "end": 1609151834049,
    "duration": 0,
    "pid": 2652,
    "index": 10
  },
  {
    "name": "Require(7) node_modules/egg-schedule/config/config.default.js",
    "start": 1609151834050,
    "end": 1609151834050,
    "duration": 0,
    "pid": 2652,
    "index": 11
  },
  {
    "name": "Require(8) node_modules/egg-multipart/config/config.default.js",
    "start": 1609151834051,
    "end": 1609151834052,
    "duration": 1,
    "pid": 2652,
    "index": 12
  },
  {
    "name": "Require(9) node_modules/egg-development/config/config.default.js",
    "start": 1609151834052,
    "end": 1609151834053,
    "duration": 1,
    "pid": 2652,
    "index": 13
  },
  {
    "name": "Require(10) node_modules/egg-logrotator/config/config.default.js",
    "start": 1609151834053,
    "end": 1609151834054,
    "duration": 1,
    "pid": 2652,
    "index": 14
  },
  {
    "name": "Require(11) node_modules/egg-static/config/config.default.js",
    "start": 1609151834055,
    "end": 1609151834055,
    "duration": 0,
    "pid": 2652,
    "index": 15
  },
  {
    "name": "Require(12) node_modules/egg-view/config/config.default.js",
    "start": 1609151834056,
    "end": 1609151834056,
    "duration": 0,
    "pid": 2652,
    "index": 16
  },
  {
    "name": "Require(13) node_modules/egg-validate/config/config.default.js",
    "start": 1609151834057,
    "end": 1609151834058,
    "duration": 1,
    "pid": 2652,
    "index": 17
  },
  {
    "name": "Require(14) node_modules/egg-view-ejs/config/config.default.js",
    "start": 1609151834058,
    "end": 1609151834059,
    "duration": 1,
    "pid": 2652,
    "index": 18
  },
  {
    "name": "Require(15) node_modules/egg-mysql/config/config.default.js",
    "start": 1609151834063,
    "end": 1609151834063,
    "duration": 0,
    "pid": 2652,
    "index": 19
  },
  {
    "name": "Require(16) node_modules/egg-sequelize/config/config.default.js",
    "start": 1609151834064,
    "end": 1609151834065,
    "duration": 1,
    "pid": 2652,
    "index": 20
  },
  {
    "name": "Require(17) node_modules/egg-jwt/config/config.default.js",
    "start": 1609151834065,
    "end": 1609151834066,
    "duration": 1,
    "pid": 2652,
    "index": 21
  },
  {
    "name": "Require(18) node_modules/egg-redis/config/config.default.js",
    "start": 1609151834066,
    "end": 1609151834067,
    "duration": 1,
    "pid": 2652,
    "index": 22
  },
  {
    "name": "Require(19) node_modules/egg/config/config.default.js",
    "start": 1609151834067,
    "end": 1609151834068,
    "duration": 1,
    "pid": 2652,
    "index": 23
  },
  {
    "name": "Require(20) config/config.default.js",
    "start": 1609151834069,
    "end": 1609151834069,
    "duration": 0,
    "pid": 2652,
    "index": 24
  },
  {
    "name": "Require(21) node_modules/egg-security/config/config.local.js",
    "start": 1609151834070,
    "end": 1609151834070,
    "duration": 0,
    "pid": 2652,
    "index": 25
  },
  {
    "name": "Require(22) node_modules/egg-watcher/config/config.local.js",
    "start": 1609151834072,
    "end": 1609151834072,
    "duration": 0,
    "pid": 2652,
    "index": 26
  },
  {
    "name": "Require(23) node_modules/egg-view/config/config.local.js",
    "start": 1609151834074,
    "end": 1609151834074,
    "duration": 0,
    "pid": 2652,
    "index": 27
  },
  {
    "name": "Require(24) node_modules/egg-view-ejs/config/config.local.js",
    "start": 1609151834075,
    "end": 1609151834075,
    "duration": 0,
    "pid": 2652,
    "index": 28
  },
  {
    "name": "Require(25) node_modules/egg/config/config.local.js",
    "start": 1609151834079,
    "end": 1609151834079,
    "duration": 0,
    "pid": 2652,
    "index": 29
  },
  {
    "name": "Load extend/application.js",
    "start": 1609151834080,
    "end": 1609151834156,
    "duration": 76,
    "pid": 2652,
    "index": 30
  },
  {
    "name": "Require(26) node_modules/egg-session/app/extend/application.js",
    "start": 1609151834081,
    "end": 1609151834081,
    "duration": 0,
    "pid": 2652,
    "index": 31
  },
  {
    "name": "Require(27) node_modules/egg-security/app/extend/application.js",
    "start": 1609151834082,
    "end": 1609151834084,
    "duration": 2,
    "pid": 2652,
    "index": 32
  },
  {
    "name": "Require(28) node_modules/egg-jsonp/app/extend/application.js",
    "start": 1609151834084,
    "end": 1609151834086,
    "duration": 2,
    "pid": 2652,
    "index": 33
  },
  {
    "name": "Require(29) node_modules/egg-logrotator/app/extend/application.js",
    "start": 1609151834088,
    "end": 1609151834090,
    "duration": 2,
    "pid": 2652,
    "index": 34
  },
  {
    "name": "Require(30) node_modules/egg-view/app/extend/application.js",
    "start": 1609151834091,
    "end": 1609151834093,
    "duration": 2,
    "pid": 2652,
    "index": 35
  },
  {
    "name": "Require(31) node_modules/egg-jwt/app/extend/application.js",
    "start": 1609151834096,
    "end": 1609151834146,
    "duration": 50,
    "pid": 2652,
    "index": 36
  },
  {
    "name": "Require(32) app/extend/application.js",
    "start": 1609151834147,
    "end": 1609151834148,
    "duration": 1,
    "pid": 2652,
    "index": 37
  },
  {
    "name": "Load extend/request.js",
    "start": 1609151834156,
    "end": 1609151834174,
    "duration": 18,
    "pid": 2652,
    "index": 38
  },
  {
    "name": "Require(33) node_modules/egg/app/extend/request.js",
    "start": 1609151834164,
    "end": 1609151834165,
    "duration": 1,
    "pid": 2652,
    "index": 39
  },
  {
    "name": "Require(34) app/extend/request.js",
    "start": 1609151834166,
    "end": 1609151834166,
    "duration": 0,
    "pid": 2652,
    "index": 40
  },
  {
    "name": "Load extend/response.js",
    "start": 1609151834174,
    "end": 1609151834193,
    "duration": 19,
    "pid": 2652,
    "index": 41
  },
  {
    "name": "Require(35) node_modules/egg/app/extend/response.js",
    "start": 1609151834182,
    "end": 1609151834184,
    "duration": 2,
    "pid": 2652,
    "index": 42
  },
  {
    "name": "Require(36) app/extend/response.js",
    "start": 1609151834184,
    "end": 1609151834185,
    "duration": 1,
    "pid": 2652,
    "index": 43
  },
  {
    "name": "Load extend/context.js",
    "start": 1609151834193,
    "end": 1609151834273,
    "duration": 80,
    "pid": 2652,
    "index": 44
  },
  {
    "name": "Require(37) node_modules/egg-security/app/extend/context.js",
    "start": 1609151834194,
    "end": 1609151834207,
    "duration": 13,
    "pid": 2652,
    "index": 45
  },
  {
    "name": "Require(38) node_modules/egg-jsonp/app/extend/context.js",
    "start": 1609151834207,
    "end": 1609151834209,
    "duration": 2,
    "pid": 2652,
    "index": 46
  },
  {
    "name": "Require(39) node_modules/egg-i18n/app/extend/context.js",
    "start": 1609151834209,
    "end": 1609151834210,
    "duration": 1,
    "pid": 2652,
    "index": 47
  },
  {
    "name": "Require(40) node_modules/egg-multipart/app/extend/context.js",
    "start": 1609151834211,
    "end": 1609151834256,
    "duration": 45,
    "pid": 2652,
    "index": 48
  },
  {
    "name": "Require(41) node_modules/egg-view/app/extend/context.js",
    "start": 1609151834257,
    "end": 1609151834258,
    "duration": 1,
    "pid": 2652,
    "index": 49
  },
  {
    "name": "Require(42) node_modules/egg-validate/app/extend/context.js",
    "start": 1609151834259,
    "end": 1609151834259,
    "duration": 0,
    "pid": 2652,
    "index": 50
  },
  {
    "name": "Require(43) lib/plugin/egg-info/app/extend/context.js",
    "start": 1609151834260,
    "end": 1609151834261,
    "duration": 1,
    "pid": 2652,
    "index": 51
  },
  {
    "name": "Require(44) node_modules/egg/app/extend/context.js",
    "start": 1609151834264,
    "end": 1609151834265,
    "duration": 1,
    "pid": 2652,
    "index": 52
  },
  {
    "name": "Require(45) app/extend/context.js",
    "start": 1609151834265,
    "end": 1609151834265,
    "duration": 0,
    "pid": 2652,
    "index": 53
  },
  {
    "name": "Load extend/helper.js",
    "start": 1609151834273,
    "end": 1609151834310,
    "duration": 37,
    "pid": 2652,
    "index": 54
  },
  {
    "name": "Require(46) node_modules/egg-security/app/extend/helper.js",
    "start": 1609151834274,
    "end": 1609151834292,
    "duration": 18,
    "pid": 2652,
    "index": 55
  },
  {
    "name": "Require(47) node_modules/egg/app/extend/helper.js",
    "start": 1609151834300,
    "end": 1609151834300,
    "duration": 0,
    "pid": 2652,
    "index": 56
  },
  {
    "name": "Require(48) app/extend/helper.js",
    "start": 1609151834300,
    "end": 1609151834302,
    "duration": 2,
    "pid": 2652,
    "index": 57
  },
  {
    "name": "Load app.js",
    "start": 1609151834310,
    "end": 1609151834384,
    "duration": 74,
    "pid": 2652,
    "index": 58
  },
  {
    "name": "Require(49) node_modules/egg-session/app.js",
    "start": 1609151834311,
    "end": 1609151834311,
    "duration": 0,
    "pid": 2652,
    "index": 59
  },
  {
    "name": "Require(50) node_modules/egg-security/app.js",
    "start": 1609151834312,
    "end": 1609151834313,
    "duration": 1,
    "pid": 2652,
    "index": 60
  },
  {
    "name": "Require(51) node_modules/egg-onerror/app.js",
    "start": 1609151834314,
    "end": 1609151834324,
    "duration": 10,
    "pid": 2652,
    "index": 61
  },
  {
    "name": "Require(52) node_modules/egg-i18n/app.js",
    "start": 1609151834325,
    "end": 1609151834341,
    "duration": 16,
    "pid": 2652,
    "index": 62
  },
  {
    "name": "Require(53) node_modules/egg-watcher/app.js",
    "start": 1609151834341,
    "end": 1609151834345,
    "duration": 4,
    "pid": 2652,
    "index": 63
  },
  {
    "name": "Require(54) node_modules/egg-schedule/app.js",
    "start": 1609151834346,
    "end": 1609151834348,
    "duration": 2,
    "pid": 2652,
    "index": 64
  },
  {
    "name": "Require(55) node_modules/egg-multipart/app.js",
    "start": 1609151834348,
    "end": 1609151834348,
    "duration": 0,
    "pid": 2652,
    "index": 65
  },
  {
    "name": "Require(56) node_modules/egg-development/app.js",
    "start": 1609151834349,
    "end": 1609151834349,
    "duration": 0,
    "pid": 2652,
    "index": 66
  },
  {
    "name": "Require(57) node_modules/egg-logrotator/app.js",
    "start": 1609151834350,
    "end": 1609151834350,
    "duration": 0,
    "pid": 2652,
    "index": 67
  },
  {
    "name": "Require(58) node_modules/egg-static/app.js",
    "start": 1609151834350,
    "end": 1609151834351,
    "duration": 1,
    "pid": 2652,
    "index": 68
  },
  {
    "name": "Require(59) node_modules/egg-validate/app.js",
    "start": 1609151834352,
    "end": 1609151834353,
    "duration": 1,
    "pid": 2652,
    "index": 69
  },
  {
    "name": "Require(60) node_modules/egg-view-ejs/app.js",
    "start": 1609151834354,
    "end": 1609151834354,
    "duration": 0,
    "pid": 2652,
    "index": 70
  },
  {
    "name": "Require(61) node_modules/egg-mysql/app.js",
    "start": 1609151834359,
    "end": 1609151834379,
    "duration": 20,
    "pid": 2652,
    "index": 71
  },
  {
    "name": "Require(62) node_modules/egg-sequelize/app.js",
    "start": 1609151834380,
    "end": 1609151834380,
    "duration": 0,
    "pid": 2652,
    "index": 72
  },
  {
    "name": "Require(63) node_modules/egg-jwt/app.js",
    "start": 1609151834380,
    "end": 1609151834381,
    "duration": 1,
    "pid": 2652,
    "index": 73
  },
  {
    "name": "Require(64) node_modules/egg-redis/app.js",
    "start": 1609151834381,
    "end": 1609151834382,
    "duration": 1,
    "pid": 2652,
    "index": 74
  },
  {
    "name": "Require(65) app.js",
    "start": 1609151834383,
    "end": 1609151834384,
    "duration": 1,
    "pid": 2652,
    "index": 75
  },
  {
    "name": "Before Start in node_modules/egg-watcher/lib/init.js:15:14",
    "start": 1609151834396,
    "end": 1609151835082,
    "duration": 686,
    "pid": 2652,
    "index": 76
  },
  {
    "name": "Before Start in node_modules/egg-mysql/lib/mysql.js:20:7",
    "start": 1609151834501,
    "end": 1609151835080,
    "duration": 579,
    "pid": 2652,
    "index": 77
  },
  {
    "name": "Load \"Symbol(model)\" to Application",
    "start": 1609151834799,
    "end": 1609151834810,
    "duration": 11,
    "pid": 2652,
    "index": 78
  },
  {
    "name": "Before Start in node_modules/egg-sequelize/lib/loader.js:39:7",
    "start": 1609151834812,
    "end": 1609151835091,
    "duration": 279,
    "pid": 2652,
    "index": 79
  },
  {
    "name": "Before Start in node_modules/egg-redis/lib/redis.js:53:7",
    "start": 1609151834865,
    "end": 1609151835058,
    "duration": 193,
    "pid": 2652,
    "index": 80
  },
  {
    "name": "Load Service",
    "start": 1609151834865,
    "end": 1609151834883,
    "duration": 18,
    "pid": 2652,
    "index": 81
  },
  {
    "name": "Load \"service\" to Context",
    "start": 1609151834865,
    "end": 1609151834883,
    "duration": 18,
    "pid": 2652,
    "index": 82
  },
  {
    "name": "Load Middleware",
    "start": 1609151834883,
    "end": 1609151835027,
    "duration": 144,
    "pid": 2652,
    "index": 83
  },
  {
    "name": "Load \"middlewares\" to Application",
    "start": 1609151834884,
    "end": 1609151835016,
    "duration": 132,
    "pid": 2652,
    "index": 84
  },
  {
    "name": "Load Controller",
    "start": 1609151835027,
    "end": 1609151835034,
    "duration": 7,
    "pid": 2652,
    "index": 85
  },
  {
    "name": "Load \"controller\" to Application",
    "start": 1609151835027,
    "end": 1609151835034,
    "duration": 7,
    "pid": 2652,
    "index": 86
  },
  {
    "name": "Load Router",
    "start": 1609151835034,
    "end": 1609151835036,
    "duration": 2,
    "pid": 2652,
    "index": 87
  },
  {
    "name": "Require(66) app/router.js",
    "start": 1609151835034,
    "end": 1609151835034,
    "duration": 0,
    "pid": 2652,
    "index": 88
  },
  {
    "name": "Before Start in node_modules/egg-core/lib/egg.js:303:10",
    "start": 1609151835035,
    "end": 1609151835049,
    "duration": 14,
    "pid": 2652,
    "index": 89
  }
]