{
  "config": {
    "session": {
      "maxAge": 5000,
      "key": "SDS_SESSION",
      "httpOnly": true,
      "encrypt": true,
      "renew": true,
      "store": {
        "get": "<AsyncFunction get>",
        "set": "<AsyncFunction set>",
        "destroy": "<AsyncFunction destroy>"
      },
      "overwrite": true,
      "signed": true,
      "autoCommit": true,
      "encode": "<Function encode>",
      "decode": "<Function decode>",
      "genid": "<Function v4>"
    },
    "security": {
      "domainWhiteList": [],
      "protocolWhiteList": [],
      "defaultMiddleware": "csrf,hsts,methodnoallow,noopen,nosniff,csp,xssProtection,xframe,dta",
      "csrf": {
        "enable": false,
        "type": "ctoken",
        "ignoreJSON": false,
        "useSession": false,
        "cookieName": "csrfToken",
        "sessionName": "csrfToken",
        "headerName": "x-csrf-token",
        "bodyName": "_csrf",
        "queryName": "_csrf",
        "refererWhiteList": []
      },
      "xframe": {
        "enable": true,
        "value": "SAMEORIGIN",
        "matching": "<Function anonymous>"
      },
      "hsts": {
        "enable": false,
        "maxAge": 31536000,
        "includeSubdomains": false
      },
      "dta": {
        "enable": true,
        "matching": "<Function anonymous>"
      },
      "methodnoallow": {
        "enable": true,
        "matching": "<Function anonymous>"
      },
      "noopen": {
        "enable": true,
        "matching": "<Function anonymous>"
      },
      "nosniff": {
        "enable": true,
        "matching": "<Function anonymous>"
      },
      "referrerPolicy": {
        "enable": false,
        "value": "no-referrer-when-downgrade"
      },
      "xssProtection": {
        "enable": true,
        "value": "1; mode=block",
        "matching": "<Function anonymous>"
      },
      "csp": {
        "enable": false,
        "policy": {}
      },
      "ssrf": {
        "ipBlackList": null,
        "checkAddress": null
      },
      "_protocolWhiteListSet": "<Set>"
    },
    "helper": {
      "shtml": {}
    },
    "jsonp": {
      "limit": 50,
      "callback": [
        "_callback",
        "callback"
      ],
      "csrf": false
    },
    "onerror": {
      "errorPageUrl": "",
      "appErrorFilter": null,
      "templatePath": "C:\\Users\\30704\\Desktop\\egg民居项目\\react+egg电商项目\\server\\node_modules\\egg-onerror\\lib\\onerror_page.mustache"
    },
    "i18n": {
      "defaultLocale": "en_US",
      "dirs": [
        "C:\\Users\\30704\\Desktop\\egg民居项目\\react+egg电商项目\\server\\node_modules\\egg-session\\config\\locales",
        "C:\\Users\\30704\\Desktop\\egg民居项目\\react+egg电商项目\\server\\node_modules\\egg-security\\config\\locales",
        "C:\\Users\\30704\\Desktop\\egg民居项目\\react+egg电商项目\\server\\node_modules\\egg-jsonp\\config\\locales",
        "C:\\Users\\30704\\Desktop\\egg民居项目\\react+egg电商项目\\server\\node_modules\\egg-onerror\\config\\locales",
        "C:\\Users\\30704\\Desktop\\egg民居项目\\react+egg电商项目\\server\\node_modules\\egg-i18n\\config\\locales",
        "C:\\Users\\30704\\Desktop\\egg民居项目\\react+egg电商项目\\server\\node_modules\\egg-watcher\\config\\locales",
        "C:\\Users\\30704\\Desktop\\egg民居项目\\react+egg电商项目\\server\\node_modules\\egg-schedule\\config\\locales",
        "C:\\Users\\30704\\Desktop\\egg民居项目\\react+egg电商项目\\server\\node_modules\\egg-multipart\\config\\locales",
        "C:\\Users\\30704\\Desktop\\egg民居项目\\react+egg电商项目\\server\\node_modules\\egg-development\\config\\locales",
        "C:\\Users\\30704\\Desktop\\egg民居项目\\react+egg电商项目\\server\\node_modules\\egg-logrotator\\config\\locales",
        "C:\\Users\\30704\\Desktop\\egg民居项目\\react+egg电商项目\\server\\node_modules\\egg-static\\config\\locales",
        "C:\\Users\\30704\\Desktop\\egg民居项目\\react+egg电商项目\\server\\node_modules\\egg-view\\config\\locales",
        "C:\\Users\\30704\\Desktop\\egg民居项目\\react+egg电商项目\\server\\node_modules\\egg-validate\\config\\locales",
        "C:\\Users\\30704\\Desktop\\egg民居项目\\react+egg电商项目\\server\\node_modules\\egg-view-ejs\\config\\locales",
        "C:\\Users\\30704\\Desktop\\egg民居项目\\react+egg电商项目\\server\\lib\\plugin\\egg-auth\\config\\locales",
        "C:\\Users\\30704\\Desktop\\egg民居项目\\react+egg电商项目\\server\\lib\\plugin\\egg-info\\config\\locales",
        "C:\\Users\\30704\\Desktop\\egg民居项目\\react+egg电商项目\\server\\lib\\plugin\\egg-notFound\\config\\locales",
        "C:\\Users\\30704\\Desktop\\egg民居项目\\react+egg电商项目\\server\\lib\\plugin\\egg-allowHosts\\config\\locales",
        "C:\\Users\\30704\\Desktop\\egg民居项目\\react+egg电商项目\\server\\lib\\plugin\\egg-interfaceLimit\\config\\locales",
        "C:\\Users\\30704\\Desktop\\egg民居项目\\react+egg电商项目\\server\\lib\\plugin\\egg-interfaceCache\\config\\locales",
        "C:\\Users\\30704\\Desktop\\egg民居项目\\react+egg电商项目\\server\\node_modules\\egg-mysql\\config\\locales",
        "C:\\Users\\30704\\Desktop\\egg民居项目\\react+egg电商项目\\server\\node_modules\\egg-sequelize\\config\\locales",
        "C:\\Users\\30704\\Desktop\\egg民居项目\\react+egg电商项目\\server\\node_modules\\egg-jwt\\config\\locales",
        "C:\\Users\\30704\\Desktop\\egg民居项目\\react+egg电商项目\\server\\node_modules\\egg-redis\\config\\locales",
        "C:\\Users\\30704\\Desktop\\egg民居项目\\react+egg电商项目\\server\\node_modules\\egg\\config\\locales",
        "C:\\Users\\30704\\Desktop\\egg民居项目\\react+egg电商项目\\server\\config\\locales"
      ],
      "queryField": "locale",
      "cookieField": "locale",
      "cookieDomain": "",
      "cookieMaxAge": "1y",
      "functionName": "__"
    },
    "watcher": {
      "type": "development",
      "eventSources": {
        "default": "C:\\Users\\30704\\Desktop\\egg民居项目\\react+egg电商项目\\server\\node_modules\\egg-watcher\\lib\\event-sources\\default",
        "development": "C:\\Users\\30704\\Desktop\\egg民居项目\\react+egg电商项目\\server\\node_modules\\egg-watcher\\lib\\event-sources\\development"
      }
    },
    "customLogger": {
      "scheduleLogger": {
        "consoleLevel": "NONE",
        "file": "egg-schedule.log"
      }
    },
    "schedule": {
      "directory": []
    },
    "multipart": {
      "mode": "stream",
      "autoFields": false,
      "defaultCharset": "utf8",
      "fieldNameSize": 100,
      "fieldSize": 102400,
      "fields": 10,
      "fileSize": 10485760,
      "files": 10,
      "fileExtensions": [],
      "whitelist": null,
      "tmpdir": "C:\\Users\\30704\\AppData\\Local\\Temp\\egg-multipart-tmp\\lesson",
      "cleanSchedule": {
        "cron": "0 30 4 * * *"
      }
    },
    "development": {
      "watchDirs": [],
      "ignoreDirs": [],
      "fastReady": false,
      "reloadOnDebug": true,
      "overrideDefault": false,
      "overrideIgnore": false
    },
    "logrotator": {
      "filesRotateByHour": null,
      "hourDelimiter": "-",
      "filesRotateBySize": null,
      "maxFileSize": 52428800,
      "maxFiles": 10,
      "rotateDuration": 60000,
      "maxDays": 31
    },
    "static": {
      "prefix": "/assets/",
      "dir": "C:\\Users\\30704\\Desktop\\egg民居项目\\react+egg电商项目\\server\\app\\assets",
      "dynamic": true,
      "preload": false,
      "buffer": false,
      "maxFiles": 1000
    },
    "view": {
      "root": [
        "C:\\Users\\30704\\Desktop\\egg民居项目\\react+egg电商项目\\server\\app\\view"
      ],
      "cache": false,
      "defaultExtension": ".html",
      "defaultViewEngine": "",
      "mapping": {
        ".html": "ejs"
      }
    },
    "validate": {},
    "ejs": {
      "root": "C:\\Users\\30704\\Desktop\\egg民居项目\\react+egg电商项目\\server\\app\\view",
      "cache": false,
      "debug": false,
      "compileDebug": true,
      "delimiter": "%",
      "strict": false
    },
    "mysql": {
      "default": {
        "database": null,
        "connectionLimit": 5
      },
      "app": true,
      "agent": false,
      "client": {
        "host": "127.0.0.1",
        "port": "3306",
        "user": "root",
        "password": "<String len: 12>",
        "database": "egg"
      }
    },
    "sequelize": {
      "dialect": "mysql",
      "database": "egg_house",
      "host": "127.0.0.1",
      "port": "3306",
      "username": "root",
      "password": "<String len: 12>",
      "user": "root",
      "define": {
        "timestamps": false,
        "freezeTableName": true
      }
    },
    "jwt": {
      "secret": "<String len: 9>",
      "enable": false
    },
    "redis": {
      "default": {},
      "app": true,
      "agent": false,
      "supportTimeCommand": true,
      "client": {
        "port": 6379,
        "host": "127.0.0.1",
        "password": "<String len: 12>",
        "db": 0
      }
    },
    "env": "local",
    "name": "lesson",
    "keys": "<String len: 24>",
    "cookies": {},
    "proxy": false,
    "maxIpsCount": 0,
    "maxProxyCount": 0,
    "protocolHeaders": "x-forwarded-proto",
    "ipHeaders": "x-forwarded-for",
    "hostHeaders": "",
    "pkg": {
      "name": "lesson",
      "version": "1.0.0",
      "description": "",
      "private": true,
      "egg": {
        "declarations": true
      },
      "dependencies": {
        "dayjs": "^1.9.7",
        "egg": "^2.15.1",
        "egg-jwt": "^3.1.7",
        "egg-mysql": "^3.0.0",
        "egg-redis": "^2.4.0",
        "egg-scripts": "^2.11.0",
        "egg-sequelize": "^6.0.0",
        "egg-validate": "^2.0.2",
        "egg-view-ejs": "^2.0.1",
        "md5": "^2.3.0",
        "mysql2": "^2.2.5"
      },
      "devDependencies": {
        "autod": "^3.0.1",
        "autod-egg": "^1.1.0",
        "egg-bin": "^4.11.0",
        "egg-ci": "^1.11.0",
        "egg-mock": "^3.21.0",
        "eslint": "^5.13.0",
        "eslint-config-egg": "^7.1.0"
      },
      "engines": {
        "node": ">=10.0.0"
      },
      "scripts": {
        "start": "egg-scripts start --daemon --title=egg-server-lesson",
        "stop": "egg-scripts stop --title=egg-server-lesson",
        "dev": "egg-bin dev",
        "debug": "egg-bin debug",
        "test": "npm run lint -- --fix && npm run test-local",
        "test-local": "egg-bin test",
        "cov": "egg-bin cov",
        "lint": "eslint .",
        "ci": "npm run lint && npm run cov",
        "autod": "autod"
      },
      "ci": {
        "version": "10"
      },
      "repository": {
        "type": "git",
        "url": ""
      },
      "author": "",
      "license": "MIT"
    },
    "baseDir": "C:\\Users\\30704\\Desktop\\egg民居项目\\react+egg电商项目\\server",
    "HOME": "C:\\Users\\30704",
    "rundir": "C:\\Users\\30704\\Desktop\\egg民居项目\\react+egg电商项目\\server\\run",
    "dump": {
      "ignore": "<Set>"
    },
    "confusedConfigurations": {
      "bodyparser": "bodyParser",
      "notFound": "notfound",
      "sitefile": "siteFile",
      "middlewares": "middleware",
      "httpClient": "httpclient"
    },
    "notfound": {
      "pageUrl": ""
    },
    "siteFile": {
      "/favicon.ico": "<Buffer len: 6463>"
    },
    "bodyParser": {
      "enable": true,
      "encoding": "utf8",
      "formLimit": "1mb",
      "jsonLimit": "1mb",
      "textLimit": "1mb",
      "strict": true,
      "queryString": {
        "arrayLimit": 100,
        "depth": 5,
        "parameterLimit": 1000
      },
      "returnRawBody": true
    },
    "logger": {
      "dir": "C:\\Users\\30704\\Desktop\\egg民居项目\\react+egg电商项目\\server\\logs\\lesson",
      "encoding": "utf8",
      "env": "local",
      "level": "INFO",
      "consoleLevel": "INFO",
      "disableConsoleAfterReady": false,
      "outputJSON": false,
      "buffer": true,
      "appLogName": "lesson-web.log",
      "coreLogName": "egg-web.log",
      "agentLogName": "egg-agent.log",
      "errorLogName": "common-error.log",
      "coreLogger": {
        "consoleLevel": "WARN"
      },
      "allowDebugAtProd": false,
      "type": "application"
    },
    "httpclient": {
      "enableDNSCache": false,
      "dnsCacheLookupInterval": 10000,
      "dnsCacheMaxLength": 1000,
      "request": {
        "timeout": 5000
      },
      "httpAgent": {
        "keepAlive": true,
        "freeSocketTimeout": 4000,
        "maxSockets": 9007199254740991,
        "maxFreeSockets": 256
      },
      "httpsAgent": {
        "keepAlive": true,
        "freeSocketTimeout": 4000,
        "maxSockets": 9007199254740991,
        "maxFreeSockets": 256
      }
    },
    "meta": {
      "enable": true,
      "logging": false
    },
    "coreMiddleware": [
      "meta",
      "siteFile",
      "notfound",
      "static",
      "bodyParser",
      "overrideMethod",
      "session",
      "securities",
      "i18n",
      "eggLoaderTrace",
      "interfaceLimit",
      "allowHosts",
      "notFound",
      "auth",
      "interfaceCache"
    ],
    "workerStartTimeout": 600000,
    "serverTimeout": null,
    "cluster": {
      "listen": {
        "path": "",
        "port": 7001,
        "hostname": ""
      }
    },
    "clusterClient": {
      "maxWaitTime": 60000,
      "responseTimeout": 60000
    },
    "onClientError": null,
    "middleware": [
      "jwt",
      "httpLog"
    ],
    "httpLog": {
      "type": "all"
    },
    "allowHosts": [
      "localhost:8000",
      "127.0.0.1:8000"
    ],
    "interfaceLimit": {
      "maxCount": 3,
      "time": 3000
    },
    "interfaceCache": {
      "expire": 10,
      "include": [
        "/api/user/detail"
      ]
    },
    "auth": {
      "exclude": [
        "/api/user/login",
        "/api/user/register"
      ]
    },
    "salt": "egg",
    "redisExpire": 86400,
    "coreMiddlewares": [
      "meta",
      "siteFile",
      "notfound",
      "static",
      "bodyParser",
      "overrideMethod",
      "session",
      "securities",
      "i18n",
      "eggLoaderTrace"
    ],
    "appMiddlewares": "~config~middleware",
    "appMiddleware": "~config~middleware",
    "multipartParseOptions": {
      "autoFields": false,
      "defCharset": "utf8",
      "limits": {
        "fieldNameSize": 100,
        "fieldSize": 102400,
        "fields": 10,
        "fileSize": 10485760,
        "files": 10
      },
      "checkFile": "<Function checkFile>"
    }
  },
  "plugins": {
    "onerror": {
      "enable": true,
      "package": "egg-onerror",
      "name": "onerror",
      "dependencies": [],
      "optionalDependencies": [
        "jsonp"
      ],
      "env": [],
      "from": "C:\\Users\\30704\\Desktop\\egg民居项目\\react+egg电商项目\\server\\node_modules\\egg\\config\\plugin.js",
      "path": "C:\\Users\\30704\\Desktop\\egg民居项目\\react+egg电商项目\\server\\node_modules\\egg-onerror",
      "version": "2.1.0"
    },
    "session": {
      "enable": true,
      "package": "egg-session",
      "name": "session",
      "dependencies": [],
      "optionalDependencies": [],
      "env": [],
      "from": "C:\\Users\\30704\\Desktop\\egg民居项目\\react+egg电商项目\\server\\node_modules\\egg\\config\\plugin.js",
      "path": "C:\\Users\\30704\\Desktop\\egg民居项目\\react+egg电商项目\\server\\node_modules\\egg-session",
      "version": "3.2.0"
    },
    "i18n": {
      "enable": true,
      "package": "egg-i18n",
      "name": "i18n",
      "dependencies": [],
      "optionalDependencies": [],
      "env": [],
      "from": "C:\\Users\\30704\\Desktop\\egg民居项目\\react+egg电商项目\\server\\node_modules\\egg\\config\\plugin.js",
      "path": "C:\\Users\\30704\\Desktop\\egg民居项目\\react+egg电商项目\\server\\node_modules\\egg-i18n",
      "version": "2.1.1"
    },
    "watcher": {
      "enable": true,
      "package": "egg-watcher",
      "name": "watcher",
      "dependencies": [],
      "optionalDependencies": [],
      "env": [],
      "from": "C:\\Users\\30704\\Desktop\\egg民居项目\\react+egg电商项目\\server\\node_modules\\egg\\config\\plugin.js",
      "path": "C:\\Users\\30704\\Desktop\\egg民居项目\\react+egg电商项目\\server\\node_modules\\egg-watcher",
      "version": "3.1.1"
    },
    "multipart": {
      "enable": true,
      "package": "egg-multipart",
      "name": "multipart",
      "dependencies": [],
      "optionalDependencies": [
        "schedule"
      ],
      "env": [],
      "from": "C:\\Users\\30704\\Desktop\\egg民居项目\\react+egg电商项目\\server\\node_modules\\egg\\config\\plugin.js",
      "path": "C:\\Users\\30704\\Desktop\\egg民居项目\\react+egg电商项目\\server\\node_modules\\egg-multipart",
      "version": "2.10.3"
    },
    "security": {
      "enable": true,
      "package": "egg-security",
      "name": "security",
      "dependencies": [],
      "optionalDependencies": [
        "session"
      ],
      "env": [],
      "from": "C:\\Users\\30704\\Desktop\\egg民居项目\\react+egg电商项目\\server\\node_modules\\egg\\config\\plugin.js",
      "path": "C:\\Users\\30704\\Desktop\\egg民居项目\\react+egg电商项目\\server\\node_modules\\egg-security",
      "version": "2.8.0"
    },
    "development": {
      "enable": true,
      "package": "egg-development",
      "name": "development",
      "dependencies": [
        "watcher"
      ],
      "optionalDependencies": [],
      "env": [
        "local"
      ],
      "from": "C:\\Users\\30704\\Desktop\\egg民居项目\\react+egg电商项目\\server\\node_modules\\egg\\config\\plugin.js",
      "path": "C:\\Users\\30704\\Desktop\\egg民居项目\\react+egg电商项目\\server\\node_modules\\egg-development",
      "version": "2.7.0"
    },
    "logrotator": {
      "enable": true,
      "package": "egg-logrotator",
      "name": "logrotator",
      "dependencies": [
        "schedule"
      ],
      "optionalDependencies": [],
      "env": [],
      "from": "C:\\Users\\30704\\Desktop\\egg民居项目\\react+egg电商项目\\server\\node_modules\\egg\\config\\plugin.js",
      "path": "C:\\Users\\30704\\Desktop\\egg民居项目\\react+egg电商项目\\server\\node_modules\\egg-logrotator",
      "version": "3.1.0"
    },
    "schedule": {
      "enable": true,
      "package": "egg-schedule",
      "name": "schedule",
      "dependencies": [],
      "optionalDependencies": [],
      "env": [],
      "from": "C:\\Users\\30704\\Desktop\\egg民居项目\\react+egg电商项目\\server\\node_modules\\egg\\config\\plugin.js",
      "path": "C:\\Users\\30704\\Desktop\\egg民居项目\\react+egg电商项目\\server\\node_modules\\egg-schedule",
      "version": "3.6.6"
    },
    "static": {
      "enable": true,
      "package": "egg-static",
      "name": "static",
      "dependencies": [],
      "optionalDependencies": [],
      "env": [],
      "from": "C:\\Users\\30704\\Desktop\\egg民居项目\\react+egg电商项目\\server\\node_modules\\egg\\config\\plugin.js",
      "path": "C:\\Users\\30704\\Desktop\\egg民居项目\\react+egg电商项目\\server\\node_modules\\egg-static",
      "version": "2.2.0"
    },
    "jsonp": {
      "enable": true,
      "package": "egg-jsonp",
      "name": "jsonp",
      "dependencies": [],
      "optionalDependencies": [
        "security"
      ],
      "env": [],
      "from": "C:\\Users\\30704\\Desktop\\egg民居项目\\react+egg电商项目\\server\\node_modules\\egg\\config\\plugin.js",
      "path": "C:\\Users\\30704\\Desktop\\egg民居项目\\react+egg电商项目\\server\\node_modules\\egg-jsonp",
      "version": "2.0.0"
    },
    "view": {
      "enable": true,
      "package": "egg-view",
      "name": "view",
      "dependencies": [],
      "optionalDependencies": [],
      "env": [],
      "from": "C:\\Users\\30704\\Desktop\\egg民居项目\\react+egg电商项目\\server\\node_modules\\egg\\config\\plugin.js",
      "path": "C:\\Users\\30704\\Desktop\\egg民居项目\\react+egg电商项目\\server\\node_modules\\egg-view",
      "version": "2.1.3"
    },
    "validate": {
      "enable": true,
      "package": "egg-validate",
      "name": "validate",
      "dependencies": [],
      "optionalDependencies": [],
      "env": [],
      "from": "C:\\Users\\30704\\Desktop\\egg民居项目\\react+egg电商项目\\server\\config\\plugin.js",
      "path": "C:\\Users\\30704\\Desktop\\egg民居项目\\react+egg电商项目\\server\\node_modules\\egg-validate",
      "version": "2.0.2"
    },
    "ejs": {
      "enable": true,
      "package": "egg-view-ejs",
      "name": "ejs",
      "dependencies": [
        "view"
      ],
      "optionalDependencies": [],
      "env": [],
      "from": "C:\\Users\\30704\\Desktop\\egg民居项目\\react+egg电商项目\\server\\config\\plugin.js",
      "path": "C:\\Users\\30704\\Desktop\\egg民居项目\\react+egg电商项目\\server\\node_modules\\egg-view-ejs",
      "version": "2.0.1"
    },
    "auth": {
      "enable": true,
      "path": "C:\\Users\\30704\\Desktop\\egg民居项目\\react+egg电商项目\\server\\lib\\plugin\\egg-auth",
      "name": "auth",
      "dependencies": [],
      "optionalDependencies": [],
      "env": [],
      "from": "C:\\Users\\30704\\Desktop\\egg民居项目\\react+egg电商项目\\server\\config\\plugin.js"
    },
    "info": {
      "enable": true,
      "path": "C:\\Users\\30704\\Desktop\\egg民居项目\\react+egg电商项目\\server\\lib\\plugin\\egg-info",
      "name": "info",
      "dependencies": [],
      "optionalDependencies": [],
      "env": [],
      "from": "C:\\Users\\30704\\Desktop\\egg民居项目\\react+egg电商项目\\server\\config\\plugin.js"
    },
    "notFound": {
      "enable": true,
      "path": "C:\\Users\\30704\\Desktop\\egg民居项目\\react+egg电商项目\\server\\lib\\plugin\\egg-notFound",
      "name": "notFound",
      "dependencies": [],
      "optionalDependencies": [],
      "env": [],
      "from": "C:\\Users\\30704\\Desktop\\egg民居项目\\react+egg电商项目\\server\\config\\plugin.js"
    },
    "allowHosts": {
      "enable": true,
      "path": "C:\\Users\\30704\\Desktop\\egg民居项目\\react+egg电商项目\\server\\lib\\plugin\\egg-allowHosts",
      "name": "allowHosts",
      "dependencies": [],
      "optionalDependencies": [],
      "env": [],
      "from": "C:\\Users\\30704\\Desktop\\egg民居项目\\react+egg电商项目\\server\\config\\plugin.js"
    },
    "interfaceLimit": {
      "enable": true,
      "path": "C:\\Users\\30704\\Desktop\\egg民居项目\\react+egg电商项目\\server\\lib\\plugin\\egg-interfaceLimit",
      "name": "interfaceLimit",
      "dependencies": [],
      "optionalDependencies": [],
      "env": [],
      "from": "C:\\Users\\30704\\Desktop\\egg民居项目\\react+egg电商项目\\server\\config\\plugin.js"
    },
    "interfaceCache": {
      "enable": true,
      "path": "C:\\Users\\30704\\Desktop\\egg民居项目\\react+egg电商项目\\server\\lib\\plugin\\egg-interfaceCache",
      "name": "interfaceCache",
      "dependencies": [],
      "optionalDependencies": [],
      "env": [],
      "from": "C:\\Users\\30704\\Desktop\\egg民居项目\\react+egg电商项目\\server\\config\\plugin.js"
    },
    "mysql": {
      "enable": true,
      "package": "egg-mysql",
      "name": "mysql",
      "dependencies": [],
      "optionalDependencies": [],
      "env": [],
      "from": "C:\\Users\\30704\\Desktop\\egg民居项目\\react+egg电商项目\\server\\config\\plugin.js",
      "path": "C:\\Users\\30704\\Desktop\\egg民居项目\\react+egg电商项目\\server\\node_modules\\egg-mysql",
      "version": "3.0.0"
    },
    "sequelize": {
      "enable": true,
      "package": "egg-sequelize",
      "name": "sequelize",
      "dependencies": [],
      "optionalDependencies": [],
      "env": [],
      "from": "C:\\Users\\30704\\Desktop\\egg民居项目\\react+egg电商项目\\server\\config\\plugin.js",
      "path": "C:\\Users\\30704\\Desktop\\egg民居项目\\react+egg电商项目\\server\\node_modules\\egg-sequelize",
      "version": "6.0.0"
    },
    "jwt": {
      "enable": true,
      "package": "egg-jwt",
      "name": "jwt",
      "dependencies": [],
      "optionalDependencies": [
        "onerror"
      ],
      "env": [],
      "from": "C:\\Users\\30704\\Desktop\\egg民居项目\\react+egg电商项目\\server\\config\\plugin.js",
      "path": "C:\\Users\\30704\\Desktop\\egg民居项目\\react+egg电商项目\\server\\node_modules\\egg-jwt",
      "version": "3.1.7"
    },
    "redis": {
      "enable": true,
      "package": "egg-redis",
      "name": "redis",
      "dependencies": [],
      "optionalDependencies": [],
      "env": [],
      "from": "C:\\Users\\30704\\Desktop\\egg民居项目\\react+egg电商项目\\server\\config\\plugin.js",
      "path": "C:\\Users\\30704\\Desktop\\egg民居项目\\react+egg电商项目\\server\\node_modules\\egg-redis",
      "version": "2.4.0"
    }
  }
}