[
  {
    "name": "Process Start",
    "start": 1609232733981,
    "end": 1609232735112,
    "duration": 1131,
    "pid": 7456,
    "index": 0
  },
  {
    "name": "Application Start",
    "start": 1609232735113,
    "end": 1609232736235,
    "duration": 1122,
    "pid": 7456,
    "index": 1
  },
  {
    "name": "Load Plugin",
    "start": 1609232735119,
    "end": 1609232735161,
    "duration": 42,
    "pid": 7456,
    "index": 2
  },
  {
    "name": "Load Config",
    "start": 1609232735162,
    "end": 1609232735200,
    "duration": 38,
    "pid": 7456,
    "index": 3
  },
  {
    "name": "Require(0) config/config.default.js",
    "start": 1609232735162,
    "end": 1609232735163,
    "duration": 1,
    "pid": 7456,
    "index": 4
  },
  {
    "name": "Require(1) node_modules/egg-session/config/config.default.js",
    "start": 1609232735164,
    "end": 1609232735165,
    "duration": 1,
    "pid": 7456,
    "index": 5
  },
  {
    "name": "Require(2) node_modules/egg-security/config/config.default.js",
    "start": 1609232735166,
    "end": 1609232735166,
    "duration": 0,
    "pid": 7456,
    "index": 6
  },
  {
    "name": "Require(3) node_modules/egg-jsonp/config/config.default.js",
    "start": 1609232735167,
    "end": 1609232735168,
    "duration": 1,
    "pid": 7456,
    "index": 7
  },
  {
    "name": "Require(4) node_modules/egg-onerror/config/config.default.js",
    "start": 1609232735168,
    "end": 1609232735169,
    "duration": 1,
    "pid": 7456,
    "index": 8
  },
  {
    "name": "Require(5) node_modules/egg-i18n/config/config.default.js",
    "start": 1609232735169,
    "end": 1609232735170,
    "duration": 1,
    "pid": 7456,
    "index": 9
  },
  {
    "name": "Require(6) node_modules/egg-watcher/config/config.default.js",
    "start": 1609232735171,
    "end": 1609232735171,
    "duration": 0,
    "pid": 7456,
    "index": 10
  },
  {
    "name": "Require(7) node_modules/egg-schedule/config/config.default.js",
    "start": 1609232735172,
    "end": 1609232735172,
    "duration": 0,
    "pid": 7456,
    "index": 11
  },
  {
    "name": "Require(8) node_modules/egg-multipart/config/config.default.js",
    "start": 1609232735173,
    "end": 1609232735173,
    "duration": 0,
    "pid": 7456,
    "index": 12
  },
  {
    "name": "Require(9) node_modules/egg-development/config/config.default.js",
    "start": 1609232735174,
    "end": 1609232735175,
    "duration": 1,
    "pid": 7456,
    "index": 13
  },
  {
    "name": "Require(10) node_modules/egg-logrotator/config/config.default.js",
    "start": 1609232735175,
    "end": 1609232735176,
    "duration": 1,
    "pid": 7456,
    "index": 14
  },
  {
    "name": "Require(11) node_modules/egg-static/config/config.default.js",
    "start": 1609232735176,
    "end": 1609232735177,
    "duration": 1,
    "pid": 7456,
    "index": 15
  },
  {
    "name": "Require(12) node_modules/egg-view/config/config.default.js",
    "start": 1609232735177,
    "end": 1609232735178,
    "duration": 1,
    "pid": 7456,
    "index": 16
  },
  {
    "name": "Require(13) node_modules/egg-validate/config/config.default.js",
    "start": 1609232735178,
    "end": 1609232735179,
    "duration": 1,
    "pid": 7456,
    "index": 17
  },
  {
    "name": "Require(14) node_modules/egg-view-ejs/config/config.default.js",
    "start": 1609232735179,
    "end": 1609232735180,
    "duration": 1,
    "pid": 7456,
    "index": 18
  },
  {
    "name": "Require(15) node_modules/egg-mysql/config/config.default.js",
    "start": 1609232735183,
    "end": 1609232735184,
    "duration": 1,
    "pid": 7456,
    "index": 19
  },
  {
    "name": "Require(16) node_modules/egg-sequelize/config/config.default.js",
    "start": 1609232735185,
    "end": 1609232735185,
    "duration": 0,
    "pid": 7456,
    "index": 20
  },
  {
    "name": "Require(17) node_modules/egg-jwt/config/config.default.js",
    "start": 1609232735186,
    "end": 1609232735186,
    "duration": 0,
    "pid": 7456,
    "index": 21
  },
  {
    "name": "Require(18) node_modules/egg-redis/config/config.default.js",
    "start": 1609232735187,
    "end": 1609232735187,
    "duration": 0,
    "pid": 7456,
    "index": 22
  },
  {
    "name": "Require(19) node_modules/egg/config/config.default.js",
    "start": 1609232735188,
    "end": 1609232735188,
    "duration": 0,
    "pid": 7456,
    "index": 23
  },
  {
    "name": "Require(20) config/config.default.js",
    "start": 1609232735189,
    "end": 1609232735189,
    "duration": 0,
    "pid": 7456,
    "index": 24
  },
  {
    "name": "Require(21) node_modules/egg-security/config/config.local.js",
    "start": 1609232735190,
    "end": 1609232735190,
    "duration": 0,
    "pid": 7456,
    "index": 25
  },
  {
    "name": "Require(22) node_modules/egg-watcher/config/config.local.js",
    "start": 1609232735192,
    "end": 1609232735192,
    "duration": 0,
    "pid": 7456,
    "index": 26
  },
  {
    "name": "Require(23) node_modules/egg-view/config/config.local.js",
    "start": 1609232735194,
    "end": 1609232735195,
    "duration": 1,
    "pid": 7456,
    "index": 27
  },
  {
    "name": "Require(24) node_modules/egg-view-ejs/config/config.local.js",
    "start": 1609232735195,
    "end": 1609232735196,
    "duration": 1,
    "pid": 7456,
    "index": 28
  },
  {
    "name": "Require(25) node_modules/egg/config/config.local.js",
    "start": 1609232735199,
    "end": 1609232735199,
    "duration": 0,
    "pid": 7456,
    "index": 29
  },
  {
    "name": "Load extend/application.js",
    "start": 1609232735200,
    "end": 1609232735277,
    "duration": 77,
    "pid": 7456,
    "index": 30
  },
  {
    "name": "Require(26) node_modules/egg-session/app/extend/application.js",
    "start": 1609232735201,
    "end": 1609232735202,
    "duration": 1,
    "pid": 7456,
    "index": 31
  },
  {
    "name": "Require(27) node_modules/egg-security/app/extend/application.js",
    "start": 1609232735202,
    "end": 1609232735204,
    "duration": 2,
    "pid": 7456,
    "index": 32
  },
  {
    "name": "Require(28) node_modules/egg-jsonp/app/extend/application.js",
    "start": 1609232735204,
    "end": 1609232735206,
    "duration": 2,
    "pid": 7456,
    "index": 33
  },
  {
    "name": "Require(29) node_modules/egg-logrotator/app/extend/application.js",
    "start": 1609232735209,
    "end": 1609232735211,
    "duration": 2,
    "pid": 7456,
    "index": 34
  },
  {
    "name": "Require(30) node_modules/egg-view/app/extend/application.js",
    "start": 1609232735212,
    "end": 1609232735213,
    "duration": 1,
    "pid": 7456,
    "index": 35
  },
  {
    "name": "Require(31) node_modules/egg-jwt/app/extend/application.js",
    "start": 1609232735216,
    "end": 1609232735267,
    "duration": 51,
    "pid": 7456,
    "index": 36
  },
  {
    "name": "Require(32) app/extend/application.js",
    "start": 1609232735269,
    "end": 1609232735269,
    "duration": 0,
    "pid": 7456,
    "index": 37
  },
  {
    "name": "Load extend/request.js",
    "start": 1609232735277,
    "end": 1609232735295,
    "duration": 18,
    "pid": 7456,
    "index": 38
  },
  {
    "name": "Require(33) node_modules/egg/app/extend/request.js",
    "start": 1609232735285,
    "end": 1609232735286,
    "duration": 1,
    "pid": 7456,
    "index": 39
  },
  {
    "name": "Require(34) app/extend/request.js",
    "start": 1609232735287,
    "end": 1609232735287,
    "duration": 0,
    "pid": 7456,
    "index": 40
  },
  {
    "name": "Load extend/response.js",
    "start": 1609232735295,
    "end": 1609232735313,
    "duration": 18,
    "pid": 7456,
    "index": 41
  },
  {
    "name": "Require(35) node_modules/egg/app/extend/response.js",
    "start": 1609232735302,
    "end": 1609232735304,
    "duration": 2,
    "pid": 7456,
    "index": 42
  },
  {
    "name": "Require(36) app/extend/response.js",
    "start": 1609232735305,
    "end": 1609232735305,
    "duration": 0,
    "pid": 7456,
    "index": 43
  },
  {
    "name": "Load extend/context.js",
    "start": 1609232735313,
    "end": 1609232735396,
    "duration": 83,
    "pid": 7456,
    "index": 44
  },
  {
    "name": "Require(37) node_modules/egg-security/app/extend/context.js",
    "start": 1609232735314,
    "end": 1609232735326,
    "duration": 12,
    "pid": 7456,
    "index": 45
  },
  {
    "name": "Require(38) node_modules/egg-jsonp/app/extend/context.js",
    "start": 1609232735327,
    "end": 1609232735328,
    "duration": 1,
    "pid": 7456,
    "index": 46
  },
  {
    "name": "Require(39) node_modules/egg-i18n/app/extend/context.js",
    "start": 1609232735329,
    "end": 1609232735330,
    "duration": 1,
    "pid": 7456,
    "index": 47
  },
  {
    "name": "Require(40) node_modules/egg-multipart/app/extend/context.js",
    "start": 1609232735331,
    "end": 1609232735379,
    "duration": 48,
    "pid": 7456,
    "index": 48
  },
  {
    "name": "Require(41) node_modules/egg-view/app/extend/context.js",
    "start": 1609232735380,
    "end": 1609232735381,
    "duration": 1,
    "pid": 7456,
    "index": 49
  },
  {
    "name": "Require(42) node_modules/egg-validate/app/extend/context.js",
    "start": 1609232735381,
    "end": 1609232735382,
    "duration": 1,
    "pid": 7456,
    "index": 50
  },
  {
    "name": "Require(43) lib/plugin/egg-info/app/extend/context.js",
    "start": 1609232735383,
    "end": 1609232735384,
    "duration": 1,
    "pid": 7456,
    "index": 51
  },
  {
    "name": "Require(44) node_modules/egg/app/extend/context.js",
    "start": 1609232735387,
    "end": 1609232735388,
    "duration": 1,
    "pid": 7456,
    "index": 52
  },
  {
    "name": "Require(45) app/extend/context.js",
    "start": 1609232735388,
    "end": 1609232735388,
    "duration": 0,
    "pid": 7456,
    "index": 53
  },
  {
    "name": "Load extend/helper.js",
    "start": 1609232735396,
    "end": 1609232735433,
    "duration": 37,
    "pid": 7456,
    "index": 54
  },
  {
    "name": "Require(46) node_modules/egg-security/app/extend/helper.js",
    "start": 1609232735397,
    "end": 1609232735416,
    "duration": 19,
    "pid": 7456,
    "index": 55
  },
  {
    "name": "Require(47) node_modules/egg/app/extend/helper.js",
    "start": 1609232735423,
    "end": 1609232735423,
    "duration": 0,
    "pid": 7456,
    "index": 56
  },
  {
    "name": "Require(48) app/extend/helper.js",
    "start": 1609232735423,
    "end": 1609232735425,
    "duration": 2,
    "pid": 7456,
    "index": 57
  },
  {
    "name": "Load app.js",
    "start": 1609232735434,
    "end": 1609232735511,
    "duration": 77,
    "pid": 7456,
    "index": 58
  },
  {
    "name": "Require(49) node_modules/egg-session/app.js",
    "start": 1609232735434,
    "end": 1609232735435,
    "duration": 1,
    "pid": 7456,
    "index": 59
  },
  {
    "name": "Require(50) node_modules/egg-security/app.js",
    "start": 1609232735435,
    "end": 1609232735437,
    "duration": 2,
    "pid": 7456,
    "index": 60
  },
  {
    "name": "Require(51) node_modules/egg-onerror/app.js",
    "start": 1609232735438,
    "end": 1609232735448,
    "duration": 10,
    "pid": 7456,
    "index": 61
  },
  {
    "name": "Require(52) node_modules/egg-i18n/app.js",
    "start": 1609232735449,
    "end": 1609232735466,
    "duration": 17,
    "pid": 7456,
    "index": 62
  },
  {
    "name": "Require(53) node_modules/egg-watcher/app.js",
    "start": 1609232735466,
    "end": 1609232735471,
    "duration": 5,
    "pid": 7456,
    "index": 63
  },
  {
    "name": "Require(54) node_modules/egg-schedule/app.js",
    "start": 1609232735471,
    "end": 1609232735473,
    "duration": 2,
    "pid": 7456,
    "index": 64
  },
  {
    "name": "Require(55) node_modules/egg-multipart/app.js",
    "start": 1609232735473,
    "end": 1609232735474,
    "duration": 1,
    "pid": 7456,
    "index": 65
  },
  {
    "name": "Require(56) node_modules/egg-development/app.js",
    "start": 1609232735474,
    "end": 1609232735474,
    "duration": 0,
    "pid": 7456,
    "index": 66
  },
  {
    "name": "Require(57) node_modules/egg-logrotator/app.js",
    "start": 1609232735475,
    "end": 1609232735475,
    "duration": 0,
    "pid": 7456,
    "index": 67
  },
  {
    "name": "Require(58) node_modules/egg-static/app.js",
    "start": 1609232735475,
    "end": 1609232735476,
    "duration": 1,
    "pid": 7456,
    "index": 68
  },
  {
    "name": "Require(59) node_modules/egg-validate/app.js",
    "start": 1609232735477,
    "end": 1609232735479,
    "duration": 2,
    "pid": 7456,
    "index": 69
  },
  {
    "name": "Require(60) node_modules/egg-view-ejs/app.js",
    "start": 1609232735480,
    "end": 1609232735480,
    "duration": 0,
    "pid": 7456,
    "index": 70
  },
  {
    "name": "Require(61) node_modules/egg-mysql/app.js",
    "start": 1609232735485,
    "end": 1609232735506,
    "duration": 21,
    "pid": 7456,
    "index": 71
  },
  {
    "name": "Require(62) node_modules/egg-sequelize/app.js",
    "start": 1609232735507,
    "end": 1609232735507,
    "duration": 0,
    "pid": 7456,
    "index": 72
  },
  {
    "name": "Require(63) node_modules/egg-jwt/app.js",
    "start": 1609232735507,
    "end": 1609232735508,
    "duration": 1,
    "pid": 7456,
    "index": 73
  },
  {
    "name": "Require(64) node_modules/egg-redis/app.js",
    "start": 1609232735508,
    "end": 1609232735510,
    "duration": 2,
    "pid": 7456,
    "index": 74
  },
  {
    "name": "Require(65) app.js",
    "start": 1609232735511,
    "end": 1609232735511,
    "duration": 0,
    "pid": 7456,
    "index": 75
  },
  {
    "name": "Before Start in node_modules/egg-watcher/lib/init.js:15:14",
    "start": 1609232735524,
    "end": 1609232736224,
    "duration": 700,
    "pid": 7456,
    "index": 76
  },
  {
    "name": "Before Start in node_modules/egg-mysql/lib/mysql.js:20:7",
    "start": 1609232735635,
    "end": 1609232736225,
    "duration": 590,
    "pid": 7456,
    "index": 77
  },
  {
    "name": "Load \"Symbol(model)\" to Application",
    "start": 1609232735943,
    "end": 1609232735955,
    "duration": 12,
    "pid": 7456,
    "index": 78
  },
  {
    "name": "Before Start in node_modules/egg-sequelize/lib/loader.js:39:7",
    "start": 1609232735957,
    "end": 1609232736235,
    "duration": 278,
    "pid": 7456,
    "index": 79
  },
  {
    "name": "Before Start in node_modules/egg-redis/lib/redis.js:53:7",
    "start": 1609232736008,
    "end": 1609232736202,
    "duration": 194,
    "pid": 7456,
    "index": 80
  },
  {
    "name": "Load Service",
    "start": 1609232736008,
    "end": 1609232736026,
    "duration": 18,
    "pid": 7456,
    "index": 81
  },
  {
    "name": "Load \"service\" to Context",
    "start": 1609232736008,
    "end": 1609232736026,
    "duration": 18,
    "pid": 7456,
    "index": 82
  },
  {
    "name": "Load Middleware",
    "start": 1609232736026,
    "end": 1609232736171,
    "duration": 145,
    "pid": 7456,
    "index": 83
  },
  {
    "name": "Load \"middlewares\" to Application",
    "start": 1609232736026,
    "end": 1609232736160,
    "duration": 134,
    "pid": 7456,
    "index": 84
  },
  {
    "name": "Load Controller",
    "start": 1609232736171,
    "end": 1609232736177,
    "duration": 6,
    "pid": 7456,
    "index": 85
  },
  {
    "name": "Load \"controller\" to Application",
    "start": 1609232736171,
    "end": 1609232736177,
    "duration": 6,
    "pid": 7456,
    "index": 86
  },
  {
    "name": "Load Router",
    "start": 1609232736177,
    "end": 1609232736179,
    "duration": 2,
    "pid": 7456,
    "index": 87
  },
  {
    "name": "Require(66) app/router.js",
    "start": 1609232736177,
    "end": 1609232736178,
    "duration": 1,
    "pid": 7456,
    "index": 88
  },
  {
    "name": "Before Start in node_modules/egg-core/lib/egg.js:303:10",
    "start": 1609232736178,
    "end": 1609232736193,
    "duration": 15,
    "pid": 7456,
    "index": 89
  }
]