[
  {
    "name": "Process Start",
    "start": 1609232897616,
    "end": 1609232898743,
    "duration": 1127,
    "pid": 7496,
    "index": 0
  },
  {
    "name": "Application Start",
    "start": 1609232898743,
    "end": 1609232899872,
    "duration": 1129,
    "pid": 7496,
    "index": 1
  },
  {
    "name": "Load Plugin",
    "start": 1609232898750,
    "end": 1609232898791,
    "duration": 41,
    "pid": 7496,
    "index": 2
  },
  {
    "name": "Load Config",
    "start": 1609232898791,
    "end": 1609232898829,
    "duration": 38,
    "pid": 7496,
    "index": 3
  },
  {
    "name": "Require(0) config/config.default.js",
    "start": 1609232898792,
    "end": 1609232898792,
    "duration": 0,
    "pid": 7496,
    "index": 4
  },
  {
    "name": "Require(1) node_modules/egg-session/config/config.default.js",
    "start": 1609232898794,
    "end": 1609232898795,
    "duration": 1,
    "pid": 7496,
    "index": 5
  },
  {
    "name": "Require(2) node_modules/egg-security/config/config.default.js",
    "start": 1609232898795,
    "end": 1609232898796,
    "duration": 1,
    "pid": 7496,
    "index": 6
  },
  {
    "name": "Require(3) node_modules/egg-jsonp/config/config.default.js",
    "start": 1609232898797,
    "end": 1609232898797,
    "duration": 0,
    "pid": 7496,
    "index": 7
  },
  {
    "name": "Require(4) node_modules/egg-onerror/config/config.default.js",
    "start": 1609232898798,
    "end": 1609232898799,
    "duration": 1,
    "pid": 7496,
    "index": 8
  },
  {
    "name": "Require(5) node_modules/egg-i18n/config/config.default.js",
    "start": 1609232898799,
    "end": 1609232898800,
    "duration": 1,
    "pid": 7496,
    "index": 9
  },
  {
    "name": "Require(6) node_modules/egg-watcher/config/config.default.js",
    "start": 1609232898800,
    "end": 1609232898801,
    "duration": 1,
    "pid": 7496,
    "index": 10
  },
  {
    "name": "Require(7) node_modules/egg-schedule/config/config.default.js",
    "start": 1609232898801,
    "end": 1609232898802,
    "duration": 1,
    "pid": 7496,
    "index": 11
  },
  {
    "name": "Require(8) node_modules/egg-multipart/config/config.default.js",
    "start": 1609232898802,
    "end": 1609232898803,
    "duration": 1,
    "pid": 7496,
    "index": 12
  },
  {
    "name": "Require(9) node_modules/egg-development/config/config.default.js",
    "start": 1609232898804,
    "end": 1609232898804,
    "duration": 0,
    "pid": 7496,
    "index": 13
  },
  {
    "name": "Require(10) node_modules/egg-logrotator/config/config.default.js",
    "start": 1609232898805,
    "end": 1609232898805,
    "duration": 0,
    "pid": 7496,
    "index": 14
  },
  {
    "name": "Require(11) node_modules/egg-static/config/config.default.js",
    "start": 1609232898806,
    "end": 1609232898806,
    "duration": 0,
    "pid": 7496,
    "index": 15
  },
  {
    "name": "Require(12) node_modules/egg-view/config/config.default.js",
    "start": 1609232898807,
    "end": 1609232898808,
    "duration": 1,
    "pid": 7496,
    "index": 16
  },
  {
    "name": "Require(13) node_modules/egg-validate/config/config.default.js",
    "start": 1609232898808,
    "end": 1609232898809,
    "duration": 1,
    "pid": 7496,
    "index": 17
  },
  {
    "name": "Require(14) node_modules/egg-view-ejs/config/config.default.js",
    "start": 1609232898809,
    "end": 1609232898810,
    "duration": 1,
    "pid": 7496,
    "index": 18
  },
  {
    "name": "Require(15) node_modules/egg-mysql/config/config.default.js",
    "start": 1609232898813,
    "end": 1609232898814,
    "duration": 1,
    "pid": 7496,
    "index": 19
  },
  {
    "name": "Require(16) node_modules/egg-sequelize/config/config.default.js",
    "start": 1609232898814,
    "end": 1609232898815,
    "duration": 1,
    "pid": 7496,
    "index": 20
  },
  {
    "name": "Require(17) node_modules/egg-jwt/config/config.default.js",
    "start": 1609232898815,
    "end": 1609232898816,
    "duration": 1,
    "pid": 7496,
    "index": 21
  },
  {
    "name": "Require(18) node_modules/egg-redis/config/config.default.js",
    "start": 1609232898816,
    "end": 1609232898817,
    "duration": 1,
    "pid": 7496,
    "index": 22
  },
  {
    "name": "Require(19) node_modules/egg/config/config.default.js",
    "start": 1609232898817,
    "end": 1609232898818,
    "duration": 1,
    "pid": 7496,
    "index": 23
  },
  {
    "name": "Require(20) config/config.default.js",
    "start": 1609232898819,
    "end": 1609232898819,
    "duration": 0,
    "pid": 7496,
    "index": 24
  },
  {
    "name": "Require(21) node_modules/egg-security/config/config.local.js",
    "start": 1609232898820,
    "end": 1609232898820,
    "duration": 0,
    "pid": 7496,
    "index": 25
  },
  {
    "name": "Require(22) node_modules/egg-watcher/config/config.local.js",
    "start": 1609232898821,
    "end": 1609232898822,
    "duration": 1,
    "pid": 7496,
    "index": 26
  },
  {
    "name": "Require(23) node_modules/egg-view/config/config.local.js",
    "start": 1609232898824,
    "end": 1609232898824,
    "duration": 0,
    "pid": 7496,
    "index": 27
  },
  {
    "name": "Require(24) node_modules/egg-view-ejs/config/config.local.js",
    "start": 1609232898825,
    "end": 1609232898825,
    "duration": 0,
    "pid": 7496,
    "index": 28
  },
  {
    "name": "Require(25) node_modules/egg/config/config.local.js",
    "start": 1609232898829,
    "end": 1609232898829,
    "duration": 0,
    "pid": 7496,
    "index": 29
  },
  {
    "name": "Load extend/application.js",
    "start": 1609232898830,
    "end": 1609232898904,
    "duration": 74,
    "pid": 7496,
    "index": 30
  },
  {
    "name": "Require(26) node_modules/egg-session/app/extend/application.js",
    "start": 1609232898831,
    "end": 1609232898831,
    "duration": 0,
    "pid": 7496,
    "index": 31
  },
  {
    "name": "Require(27) node_modules/egg-security/app/extend/application.js",
    "start": 1609232898832,
    "end": 1609232898833,
    "duration": 1,
    "pid": 7496,
    "index": 32
  },
  {
    "name": "Require(28) node_modules/egg-jsonp/app/extend/application.js",
    "start": 1609232898834,
    "end": 1609232898836,
    "duration": 2,
    "pid": 7496,
    "index": 33
  },
  {
    "name": "Require(29) node_modules/egg-logrotator/app/extend/application.js",
    "start": 1609232898838,
    "end": 1609232898840,
    "duration": 2,
    "pid": 7496,
    "index": 34
  },
  {
    "name": "Require(30) node_modules/egg-view/app/extend/application.js",
    "start": 1609232898841,
    "end": 1609232898843,
    "duration": 2,
    "pid": 7496,
    "index": 35
  },
  {
    "name": "Require(31) node_modules/egg-jwt/app/extend/application.js",
    "start": 1609232898846,
    "end": 1609232898894,
    "duration": 48,
    "pid": 7496,
    "index": 36
  },
  {
    "name": "Require(32) app/extend/application.js",
    "start": 1609232898895,
    "end": 1609232898896,
    "duration": 1,
    "pid": 7496,
    "index": 37
  },
  {
    "name": "Load extend/request.js",
    "start": 1609232898904,
    "end": 1609232898921,
    "duration": 17,
    "pid": 7496,
    "index": 38
  },
  {
    "name": "Require(33) node_modules/egg/app/extend/request.js",
    "start": 1609232898911,
    "end": 1609232898912,
    "duration": 1,
    "pid": 7496,
    "index": 39
  },
  {
    "name": "Require(34) app/extend/request.js",
    "start": 1609232898913,
    "end": 1609232898913,
    "duration": 0,
    "pid": 7496,
    "index": 40
  },
  {
    "name": "Load extend/response.js",
    "start": 1609232898921,
    "end": 1609232898940,
    "duration": 19,
    "pid": 7496,
    "index": 41
  },
  {
    "name": "Require(35) node_modules/egg/app/extend/response.js",
    "start": 1609232898928,
    "end": 1609232898931,
    "duration": 3,
    "pid": 7496,
    "index": 42
  },
  {
    "name": "Require(36) app/extend/response.js",
    "start": 1609232898931,
    "end": 1609232898932,
    "duration": 1,
    "pid": 7496,
    "index": 43
  },
  {
    "name": "Load extend/context.js",
    "start": 1609232898940,
    "end": 1609232899025,
    "duration": 85,
    "pid": 7496,
    "index": 44
  },
  {
    "name": "Require(37) node_modules/egg-security/app/extend/context.js",
    "start": 1609232898941,
    "end": 1609232898955,
    "duration": 14,
    "pid": 7496,
    "index": 45
  },
  {
    "name": "Require(38) node_modules/egg-jsonp/app/extend/context.js",
    "start": 1609232898955,
    "end": 1609232898957,
    "duration": 2,
    "pid": 7496,
    "index": 46
  },
  {
    "name": "Require(39) node_modules/egg-i18n/app/extend/context.js",
    "start": 1609232898958,
    "end": 1609232898958,
    "duration": 0,
    "pid": 7496,
    "index": 47
  },
  {
    "name": "Require(40) node_modules/egg-multipart/app/extend/context.js",
    "start": 1609232898960,
    "end": 1609232899007,
    "duration": 47,
    "pid": 7496,
    "index": 48
  },
  {
    "name": "Require(41) node_modules/egg-view/app/extend/context.js",
    "start": 1609232899008,
    "end": 1609232899009,
    "duration": 1,
    "pid": 7496,
    "index": 49
  },
  {
    "name": "Require(42) node_modules/egg-validate/app/extend/context.js",
    "start": 1609232899010,
    "end": 1609232899010,
    "duration": 0,
    "pid": 7496,
    "index": 50
  },
  {
    "name": "Require(43) lib/plugin/egg-info/app/extend/context.js",
    "start": 1609232899011,
    "end": 1609232899012,
    "duration": 1,
    "pid": 7496,
    "index": 51
  },
  {
    "name": "Require(44) node_modules/egg/app/extend/context.js",
    "start": 1609232899015,
    "end": 1609232899016,
    "duration": 1,
    "pid": 7496,
    "index": 52
  },
  {
    "name": "Require(45) app/extend/context.js",
    "start": 1609232899017,
    "end": 1609232899017,
    "duration": 0,
    "pid": 7496,
    "index": 53
  },
  {
    "name": "Load extend/helper.js",
    "start": 1609232899025,
    "end": 1609232899062,
    "duration": 37,
    "pid": 7496,
    "index": 54
  },
  {
    "name": "Require(46) node_modules/egg-security/app/extend/helper.js",
    "start": 1609232899026,
    "end": 1609232899044,
    "duration": 18,
    "pid": 7496,
    "index": 55
  },
  {
    "name": "Require(47) node_modules/egg/app/extend/helper.js",
    "start": 1609232899051,
    "end": 1609232899051,
    "duration": 0,
    "pid": 7496,
    "index": 56
  },
  {
    "name": "Require(48) app/extend/helper.js",
    "start": 1609232899052,
    "end": 1609232899054,
    "duration": 2,
    "pid": 7496,
    "index": 57
  },
  {
    "name": "Load app.js",
    "start": 1609232899062,
    "end": 1609232899139,
    "duration": 77,
    "pid": 7496,
    "index": 58
  },
  {
    "name": "Require(49) node_modules/egg-session/app.js",
    "start": 1609232899062,
    "end": 1609232899063,
    "duration": 1,
    "pid": 7496,
    "index": 59
  },
  {
    "name": "Require(50) node_modules/egg-security/app.js",
    "start": 1609232899063,
    "end": 1609232899065,
    "duration": 2,
    "pid": 7496,
    "index": 60
  },
  {
    "name": "Require(51) node_modules/egg-onerror/app.js",
    "start": 1609232899066,
    "end": 1609232899076,
    "duration": 10,
    "pid": 7496,
    "index": 61
  },
  {
    "name": "Require(52) node_modules/egg-i18n/app.js",
    "start": 1609232899077,
    "end": 1609232899094,
    "duration": 17,
    "pid": 7496,
    "index": 62
  },
  {
    "name": "Require(53) node_modules/egg-watcher/app.js",
    "start": 1609232899094,
    "end": 1609232899098,
    "duration": 4,
    "pid": 7496,
    "index": 63
  },
  {
    "name": "Require(54) node_modules/egg-schedule/app.js",
    "start": 1609232899099,
    "end": 1609232899101,
    "duration": 2,
    "pid": 7496,
    "index": 64
  },
  {
    "name": "Require(55) node_modules/egg-multipart/app.js",
    "start": 1609232899101,
    "end": 1609232899101,
    "duration": 0,
    "pid": 7496,
    "index": 65
  },
  {
    "name": "Require(56) node_modules/egg-development/app.js",
    "start": 1609232899102,
    "end": 1609232899102,
    "duration": 0,
    "pid": 7496,
    "index": 66
  },
  {
    "name": "Require(57) node_modules/egg-logrotator/app.js",
    "start": 1609232899103,
    "end": 1609232899103,
    "duration": 0,
    "pid": 7496,
    "index": 67
  },
  {
    "name": "Require(58) node_modules/egg-static/app.js",
    "start": 1609232899104,
    "end": 1609232899104,
    "duration": 0,
    "pid": 7496,
    "index": 68
  },
  {
    "name": "Require(59) node_modules/egg-validate/app.js",
    "start": 1609232899105,
    "end": 1609232899107,
    "duration": 2,
    "pid": 7496,
    "index": 69
  },
  {
    "name": "Require(60) node_modules/egg-view-ejs/app.js",
    "start": 1609232899107,
    "end": 1609232899108,
    "duration": 1,
    "pid": 7496,
    "index": 70
  },
  {
    "name": "Require(61) node_modules/egg-mysql/app.js",
    "start": 1609232899112,
    "end": 1609232899134,
    "duration": 22,
    "pid": 7496,
    "index": 71
  },
  {
    "name": "Require(62) node_modules/egg-sequelize/app.js",
    "start": 1609232899134,
    "end": 1609232899134,
    "duration": 0,
    "pid": 7496,
    "index": 72
  },
  {
    "name": "Require(63) node_modules/egg-jwt/app.js",
    "start": 1609232899135,
    "end": 1609232899135,
    "duration": 0,
    "pid": 7496,
    "index": 73
  },
  {
    "name": "Require(64) node_modules/egg-redis/app.js",
    "start": 1609232899135,
    "end": 1609232899137,
    "duration": 2,
    "pid": 7496,
    "index": 74
  },
  {
    "name": "Require(65) app.js",
    "start": 1609232899138,
    "end": 1609232899138,
    "duration": 0,
    "pid": 7496,
    "index": 75
  },
  {
    "name": "Before Start in node_modules/egg-watcher/lib/init.js:15:14",
    "start": 1609232899151,
    "end": 1609232899861,
    "duration": 710,
    "pid": 7496,
    "index": 76
  },
  {
    "name": "Before Start in node_modules/egg-mysql/lib/mysql.js:20:7",
    "start": 1609232899260,
    "end": 1609232899863,
    "duration": 603,
    "pid": 7496,
    "index": 77
  },
  {
    "name": "Load \"Symbol(model)\" to Application",
    "start": 1609232899570,
    "end": 1609232899582,
    "duration": 12,
    "pid": 7496,
    "index": 78
  },
  {
    "name": "Before Start in node_modules/egg-sequelize/lib/loader.js:39:7",
    "start": 1609232899584,
    "end": 1609232899872,
    "duration": 288,
    "pid": 7496,
    "index": 79
  },
  {
    "name": "Before Start in node_modules/egg-redis/lib/redis.js:53:7",
    "start": 1609232899637,
    "end": 1609232899838,
    "duration": 201,
    "pid": 7496,
    "index": 80
  },
  {
    "name": "Load Service",
    "start": 1609232899637,
    "end": 1609232899656,
    "duration": 19,
    "pid": 7496,
    "index": 81
  },
  {
    "name": "Load \"service\" to Context",
    "start": 1609232899638,
    "end": 1609232899656,
    "duration": 18,
    "pid": 7496,
    "index": 82
  },
  {
    "name": "Load Middleware",
    "start": 1609232899656,
    "end": 1609232899806,
    "duration": 150,
    "pid": 7496,
    "index": 83
  },
  {
    "name": "Load \"middlewares\" to Application",
    "start": 1609232899656,
    "end": 1609232899795,
    "duration": 139,
    "pid": 7496,
    "index": 84
  },
  {
    "name": "Load Controller",
    "start": 1609232899806,
    "end": 1609232899813,
    "duration": 7,
    "pid": 7496,
    "index": 85
  },
  {
    "name": "Load \"controller\" to Application",
    "start": 1609232899807,
    "end": 1609232899813,
    "duration": 6,
    "pid": 7496,
    "index": 86
  },
  {
    "name": "Load Router",
    "start": 1609232899813,
    "end": 1609232899815,
    "duration": 2,
    "pid": 7496,
    "index": 87
  },
  {
    "name": "Require(66) app/router.js",
    "start": 1609232899813,
    "end": 1609232899814,
    "duration": 1,
    "pid": 7496,
    "index": 88
  },
  {
    "name": "Before Start in node_modules/egg-core/lib/egg.js:303:10",
    "start": 1609232899814,
    "end": 1609232899829,
    "duration": 15,
    "pid": 7496,
    "index": 89
  }
]