[
  {
    "name": "Process Start",
    "start": 1609230574370,
    "end": 1609230575545,
    "duration": 1175,
    "pid": 12256,
    "index": 0
  },
  {
    "name": "Application Start",
    "start": 1609230575545,
    "end": 1609230576646,
    "duration": 1101,
    "pid": 12256,
    "index": 1
  },
  {
    "name": "Load Plugin",
    "start": 1609230575551,
    "end": 1609230575594,
    "duration": 43,
    "pid": 12256,
    "index": 2
  },
  {
    "name": "Load Config",
    "start": 1609230575594,
    "end": 1609230575632,
    "duration": 38,
    "pid": 12256,
    "index": 3
  },
  {
    "name": "Require(0) config/config.default.js",
    "start": 1609230575594,
    "end": 1609230575595,
    "duration": 1,
    "pid": 12256,
    "index": 4
  },
  {
    "name": "Require(1) node_modules/egg-session/config/config.default.js",
    "start": 1609230575597,
    "end": 1609230575597,
    "duration": 0,
    "pid": 12256,
    "index": 5
  },
  {
    "name": "Require(2) node_modules/egg-security/config/config.default.js",
    "start": 1609230575598,
    "end": 1609230575598,
    "duration": 0,
    "pid": 12256,
    "index": 6
  },
  {
    "name": "Require(3) node_modules/egg-jsonp/config/config.default.js",
    "start": 1609230575599,
    "end": 1609230575600,
    "duration": 1,
    "pid": 12256,
    "index": 7
  },
  {
    "name": "Require(4) node_modules/egg-onerror/config/config.default.js",
    "start": 1609230575600,
    "end": 1609230575601,
    "duration": 1,
    "pid": 12256,
    "index": 8
  },
  {
    "name": "Require(5) node_modules/egg-i18n/config/config.default.js",
    "start": 1609230575601,
    "end": 1609230575602,
    "duration": 1,
    "pid": 12256,
    "index": 9
  },
  {
    "name": "Require(6) node_modules/egg-watcher/config/config.default.js",
    "start": 1609230575603,
    "end": 1609230575603,
    "duration": 0,
    "pid": 12256,
    "index": 10
  },
  {
    "name": "Require(7) node_modules/egg-schedule/config/config.default.js",
    "start": 1609230575604,
    "end": 1609230575604,
    "duration": 0,
    "pid": 12256,
    "index": 11
  },
  {
    "name": "Require(8) node_modules/egg-multipart/config/config.default.js",
    "start": 1609230575605,
    "end": 1609230575606,
    "duration": 1,
    "pid": 12256,
    "index": 12
  },
  {
    "name": "Require(9) node_modules/egg-development/config/config.default.js",
    "start": 1609230575606,
    "end": 1609230575607,
    "duration": 1,
    "pid": 12256,
    "index": 13
  },
  {
    "name": "Require(10) node_modules/egg-logrotator/config/config.default.js",
    "start": 1609230575607,
    "end": 1609230575608,
    "duration": 1,
    "pid": 12256,
    "index": 14
  },
  {
    "name": "Require(11) node_modules/egg-static/config/config.default.js",
    "start": 1609230575608,
    "end": 1609230575609,
    "duration": 1,
    "pid": 12256,
    "index": 15
  },
  {
    "name": "Require(12) node_modules/egg-view/config/config.default.js",
    "start": 1609230575610,
    "end": 1609230575610,
    "duration": 0,
    "pid": 12256,
    "index": 16
  },
  {
    "name": "Require(13) node_modules/egg-validate/config/config.default.js",
    "start": 1609230575611,
    "end": 1609230575611,
    "duration": 0,
    "pid": 12256,
    "index": 17
  },
  {
    "name": "Require(14) node_modules/egg-view-ejs/config/config.default.js",
    "start": 1609230575612,
    "end": 1609230575612,
    "duration": 0,
    "pid": 12256,
    "index": 18
  },
  {
    "name": "Require(15) node_modules/egg-mysql/config/config.default.js",
    "start": 1609230575616,
    "end": 1609230575617,
    "duration": 1,
    "pid": 12256,
    "index": 19
  },
  {
    "name": "Require(16) node_modules/egg-sequelize/config/config.default.js",
    "start": 1609230575617,
    "end": 1609230575618,
    "duration": 1,
    "pid": 12256,
    "index": 20
  },
  {
    "name": "Require(17) node_modules/egg-jwt/config/config.default.js",
    "start": 1609230575618,
    "end": 1609230575619,
    "duration": 1,
    "pid": 12256,
    "index": 21
  },
  {
    "name": "Require(18) node_modules/egg-redis/config/config.default.js",
    "start": 1609230575619,
    "end": 1609230575620,
    "duration": 1,
    "pid": 12256,
    "index": 22
  },
  {
    "name": "Require(19) node_modules/egg/config/config.default.js",
    "start": 1609230575620,
    "end": 1609230575621,
    "duration": 1,
    "pid": 12256,
    "index": 23
  },
  {
    "name": "Require(20) config/config.default.js",
    "start": 1609230575622,
    "end": 1609230575622,
    "duration": 0,
    "pid": 12256,
    "index": 24
  },
  {
    "name": "Require(21) node_modules/egg-security/config/config.local.js",
    "start": 1609230575622,
    "end": 1609230575623,
    "duration": 1,
    "pid": 12256,
    "index": 25
  },
  {
    "name": "Require(22) node_modules/egg-watcher/config/config.local.js",
    "start": 1609230575624,
    "end": 1609230575624,
    "duration": 0,
    "pid": 12256,
    "index": 26
  },
  {
    "name": "Require(23) node_modules/egg-view/config/config.local.js",
    "start": 1609230575627,
    "end": 1609230575627,
    "duration": 0,
    "pid": 12256,
    "index": 27
  },
  {
    "name": "Require(24) node_modules/egg-view-ejs/config/config.local.js",
    "start": 1609230575628,
    "end": 1609230575628,
    "duration": 0,
    "pid": 12256,
    "index": 28
  },
  {
    "name": "Require(25) node_modules/egg/config/config.local.js",
    "start": 1609230575631,
    "end": 1609230575632,
    "duration": 1,
    "pid": 12256,
    "index": 29
  },
  {
    "name": "Load extend/application.js",
    "start": 1609230575632,
    "end": 1609230575706,
    "duration": 74,
    "pid": 12256,
    "index": 30
  },
  {
    "name": "Require(26) node_modules/egg-session/app/extend/application.js",
    "start": 1609230575633,
    "end": 1609230575634,
    "duration": 1,
    "pid": 12256,
    "index": 31
  },
  {
    "name": "Require(27) node_modules/egg-security/app/extend/application.js",
    "start": 1609230575634,
    "end": 1609230575636,
    "duration": 2,
    "pid": 12256,
    "index": 32
  },
  {
    "name": "Require(28) node_modules/egg-jsonp/app/extend/application.js",
    "start": 1609230575637,
    "end": 1609230575638,
    "duration": 1,
    "pid": 12256,
    "index": 33
  },
  {
    "name": "Require(29) node_modules/egg-logrotator/app/extend/application.js",
    "start": 1609230575641,
    "end": 1609230575642,
    "duration": 1,
    "pid": 12256,
    "index": 34
  },
  {
    "name": "Require(30) node_modules/egg-view/app/extend/application.js",
    "start": 1609230575643,
    "end": 1609230575645,
    "duration": 2,
    "pid": 12256,
    "index": 35
  },
  {
    "name": "Require(31) node_modules/egg-jwt/app/extend/application.js",
    "start": 1609230575648,
    "end": 1609230575697,
    "duration": 49,
    "pid": 12256,
    "index": 36
  },
  {
    "name": "Require(32) app/extend/application.js",
    "start": 1609230575698,
    "end": 1609230575699,
    "duration": 1,
    "pid": 12256,
    "index": 37
  },
  {
    "name": "Load extend/request.js",
    "start": 1609230575706,
    "end": 1609230575723,
    "duration": 17,
    "pid": 12256,
    "index": 38
  },
  {
    "name": "Require(33) node_modules/egg/app/extend/request.js",
    "start": 1609230575714,
    "end": 1609230575715,
    "duration": 1,
    "pid": 12256,
    "index": 39
  },
  {
    "name": "Require(34) app/extend/request.js",
    "start": 1609230575715,
    "end": 1609230575716,
    "duration": 1,
    "pid": 12256,
    "index": 40
  },
  {
    "name": "Load extend/response.js",
    "start": 1609230575723,
    "end": 1609230575741,
    "duration": 18,
    "pid": 12256,
    "index": 41
  },
  {
    "name": "Require(35) node_modules/egg/app/extend/response.js",
    "start": 1609230575731,
    "end": 1609230575733,
    "duration": 2,
    "pid": 12256,
    "index": 42
  },
  {
    "name": "Require(36) app/extend/response.js",
    "start": 1609230575733,
    "end": 1609230575733,
    "duration": 0,
    "pid": 12256,
    "index": 43
  },
  {
    "name": "Load extend/context.js",
    "start": 1609230575741,
    "end": 1609230575820,
    "duration": 79,
    "pid": 12256,
    "index": 44
  },
  {
    "name": "Require(37) node_modules/egg-security/app/extend/context.js",
    "start": 1609230575742,
    "end": 1609230575755,
    "duration": 13,
    "pid": 12256,
    "index": 45
  },
  {
    "name": "Require(38) node_modules/egg-jsonp/app/extend/context.js",
    "start": 1609230575755,
    "end": 1609230575757,
    "duration": 2,
    "pid": 12256,
    "index": 46
  },
  {
    "name": "Require(39) node_modules/egg-i18n/app/extend/context.js",
    "start": 1609230575758,
    "end": 1609230575758,
    "duration": 0,
    "pid": 12256,
    "index": 47
  },
  {
    "name": "Require(40) node_modules/egg-multipart/app/extend/context.js",
    "start": 1609230575759,
    "end": 1609230575803,
    "duration": 44,
    "pid": 12256,
    "index": 48
  },
  {
    "name": "Require(41) node_modules/egg-view/app/extend/context.js",
    "start": 1609230575804,
    "end": 1609230575805,
    "duration": 1,
    "pid": 12256,
    "index": 49
  },
  {
    "name": "Require(42) node_modules/egg-validate/app/extend/context.js",
    "start": 1609230575806,
    "end": 1609230575806,
    "duration": 0,
    "pid": 12256,
    "index": 50
  },
  {
    "name": "Require(43) lib/plugin/egg-info/app/extend/context.js",
    "start": 1609230575807,
    "end": 1609230575808,
    "duration": 1,
    "pid": 12256,
    "index": 51
  },
  {
    "name": "Require(44) node_modules/egg/app/extend/context.js",
    "start": 1609230575810,
    "end": 1609230575811,
    "duration": 1,
    "pid": 12256,
    "index": 52
  },
  {
    "name": "Require(45) app/extend/context.js",
    "start": 1609230575812,
    "end": 1609230575812,
    "duration": 0,
    "pid": 12256,
    "index": 53
  },
  {
    "name": "Load extend/helper.js",
    "start": 1609230575820,
    "end": 1609230575857,
    "duration": 37,
    "pid": 12256,
    "index": 54
  },
  {
    "name": "Require(46) node_modules/egg-security/app/extend/helper.js",
    "start": 1609230575820,
    "end": 1609230575840,
    "duration": 20,
    "pid": 12256,
    "index": 55
  },
  {
    "name": "Require(47) node_modules/egg/app/extend/helper.js",
    "start": 1609230575846,
    "end": 1609230575847,
    "duration": 1,
    "pid": 12256,
    "index": 56
  },
  {
    "name": "Require(48) app/extend/helper.js",
    "start": 1609230575847,
    "end": 1609230575849,
    "duration": 2,
    "pid": 12256,
    "index": 57
  },
  {
    "name": "Load app.js",
    "start": 1609230575857,
    "end": 1609230575931,
    "duration": 74,
    "pid": 12256,
    "index": 58
  },
  {
    "name": "Require(49) node_modules/egg-session/app.js",
    "start": 1609230575858,
    "end": 1609230575858,
    "duration": 0,
    "pid": 12256,
    "index": 59
  },
  {
    "name": "Require(50) node_modules/egg-security/app.js",
    "start": 1609230575858,
    "end": 1609230575860,
    "duration": 2,
    "pid": 12256,
    "index": 60
  },
  {
    "name": "Require(51) node_modules/egg-onerror/app.js",
    "start": 1609230575861,
    "end": 1609230575871,
    "duration": 10,
    "pid": 12256,
    "index": 61
  },
  {
    "name": "Require(52) node_modules/egg-i18n/app.js",
    "start": 1609230575872,
    "end": 1609230575888,
    "duration": 16,
    "pid": 12256,
    "index": 62
  },
  {
    "name": "Require(53) node_modules/egg-watcher/app.js",
    "start": 1609230575888,
    "end": 1609230575892,
    "duration": 4,
    "pid": 12256,
    "index": 63
  },
  {
    "name": "Require(54) node_modules/egg-schedule/app.js",
    "start": 1609230575892,
    "end": 1609230575894,
    "duration": 2,
    "pid": 12256,
    "index": 64
  },
  {
    "name": "Require(55) node_modules/egg-multipart/app.js",
    "start": 1609230575894,
    "end": 1609230575895,
    "duration": 1,
    "pid": 12256,
    "index": 65
  },
  {
    "name": "Require(56) node_modules/egg-development/app.js",
    "start": 1609230575895,
    "end": 1609230575895,
    "duration": 0,
    "pid": 12256,
    "index": 66
  },
  {
    "name": "Require(57) node_modules/egg-logrotator/app.js",
    "start": 1609230575896,
    "end": 1609230575896,
    "duration": 0,
    "pid": 12256,
    "index": 67
  },
  {
    "name": "Require(58) node_modules/egg-static/app.js",
    "start": 1609230575896,
    "end": 1609230575897,
    "duration": 1,
    "pid": 12256,
    "index": 68
  },
  {
    "name": "Require(59) node_modules/egg-validate/app.js",
    "start": 1609230575898,
    "end": 1609230575900,
    "duration": 2,
    "pid": 12256,
    "index": 69
  },
  {
    "name": "Require(60) node_modules/egg-view-ejs/app.js",
    "start": 1609230575900,
    "end": 1609230575900,
    "duration": 0,
    "pid": 12256,
    "index": 70
  },
  {
    "name": "Require(61) node_modules/egg-mysql/app.js",
    "start": 1609230575905,
    "end": 1609230575926,
    "duration": 21,
    "pid": 12256,
    "index": 71
  },
  {
    "name": "Require(62) node_modules/egg-sequelize/app.js",
    "start": 1609230575926,
    "end": 1609230575927,
    "duration": 1,
    "pid": 12256,
    "index": 72
  },
  {
    "name": "Require(63) node_modules/egg-jwt/app.js",
    "start": 1609230575927,
    "end": 1609230575927,
    "duration": 0,
    "pid": 12256,
    "index": 73
  },
  {
    "name": "Require(64) node_modules/egg-redis/app.js",
    "start": 1609230575928,
    "end": 1609230575929,
    "duration": 1,
    "pid": 12256,
    "index": 74
  },
  {
    "name": "Require(65) app.js",
    "start": 1609230575930,
    "end": 1609230575930,
    "duration": 0,
    "pid": 12256,
    "index": 75
  },
  {
    "name": "Before Start in node_modules/egg-watcher/lib/init.js:15:14",
    "start": 1609230575943,
    "end": 1609230576634,
    "duration": 691,
    "pid": 12256,
    "index": 76
  },
  {
    "name": "Before Start in node_modules/egg-mysql/lib/mysql.js:20:7",
    "start": 1609230576053,
    "end": 1609230576635,
    "duration": 582,
    "pid": 12256,
    "index": 77
  },
  {
    "name": "Load \"Symbol(model)\" to Application",
    "start": 1609230576358,
    "end": 1609230576370,
    "duration": 12,
    "pid": 12256,
    "index": 78
  },
  {
    "name": "Before Start in node_modules/egg-sequelize/lib/loader.js:39:7",
    "start": 1609230576372,
    "end": 1609230576646,
    "duration": 274,
    "pid": 12256,
    "index": 79
  },
  {
    "name": "Before Start in node_modules/egg-redis/lib/redis.js:53:7",
    "start": 1609230576424,
    "end": 1609230576627,
    "duration": 203,
    "pid": 12256,
    "index": 80
  },
  {
    "name": "Load Service",
    "start": 1609230576424,
    "end": 1609230576442,
    "duration": 18,
    "pid": 12256,
    "index": 81
  },
  {
    "name": "Load \"service\" to Context",
    "start": 1609230576424,
    "end": 1609230576442,
    "duration": 18,
    "pid": 12256,
    "index": 82
  },
  {
    "name": "Load Middleware",
    "start": 1609230576442,
    "end": 1609230576582,
    "duration": 140,
    "pid": 12256,
    "index": 83
  },
  {
    "name": "Load \"middlewares\" to Application",
    "start": 1609230576442,
    "end": 1609230576572,
    "duration": 130,
    "pid": 12256,
    "index": 84
  },
  {
    "name": "Load Controller",
    "start": 1609230576582,
    "end": 1609230576589,
    "duration": 7,
    "pid": 12256,
    "index": 85
  },
  {
    "name": "Load \"controller\" to Application",
    "start": 1609230576582,
    "end": 1609230576589,
    "duration": 7,
    "pid": 12256,
    "index": 86
  },
  {
    "name": "Load Router",
    "start": 1609230576589,
    "end": 1609230576591,
    "duration": 2,
    "pid": 12256,
    "index": 87
  },
  {
    "name": "Require(66) app/router.js",
    "start": 1609230576589,
    "end": 1609230576589,
    "duration": 0,
    "pid": 12256,
    "index": 88
  },
  {
    "name": "Before Start in node_modules/egg-core/lib/egg.js:303:10",
    "start": 1609230576590,
    "end": 1609230576604,
    "duration": 14,
    "pid": 12256,
    "index": 89
  }
]