[
  {
    "name": "Process Start",
    "start": 1609232777754,
    "end": 1609232778935,
    "duration": 1181,
    "pid": 18644,
    "index": 0
  },
  {
    "name": "Application Start",
    "start": 1609232778936,
    "end": 1609232780113,
    "duration": 1177,
    "pid": 18644,
    "index": 1
  },
  {
    "name": "Load Plugin",
    "start": 1609232778942,
    "end": 1609232778986,
    "duration": 44,
    "pid": 18644,
    "index": 2
  },
  {
    "name": "Load Config",
    "start": 1609232778986,
    "end": 1609232779027,
    "duration": 41,
    "pid": 18644,
    "index": 3
  },
  {
    "name": "Require(0) config/config.default.js",
    "start": 1609232778987,
    "end": 1609232778987,
    "duration": 0,
    "pid": 18644,
    "index": 4
  },
  {
    "name": "Require(1) node_modules/egg-session/config/config.default.js",
    "start": 1609232778989,
    "end": 1609232778990,
    "duration": 1,
    "pid": 18644,
    "index": 5
  },
  {
    "name": "Require(2) node_modules/egg-security/config/config.default.js",
    "start": 1609232778991,
    "end": 1609232778991,
    "duration": 0,
    "pid": 18644,
    "index": 6
  },
  {
    "name": "Require(3) node_modules/egg-jsonp/config/config.default.js",
    "start": 1609232778992,
    "end": 1609232778993,
    "duration": 1,
    "pid": 18644,
    "index": 7
  },
  {
    "name": "Require(4) node_modules/egg-onerror/config/config.default.js",
    "start": 1609232778994,
    "end": 1609232778994,
    "duration": 0,
    "pid": 18644,
    "index": 8
  },
  {
    "name": "Require(5) node_modules/egg-i18n/config/config.default.js",
    "start": 1609232778995,
    "end": 1609232778995,
    "duration": 0,
    "pid": 18644,
    "index": 9
  },
  {
    "name": "Require(6) node_modules/egg-watcher/config/config.default.js",
    "start": 1609232778996,
    "end": 1609232778996,
    "duration": 0,
    "pid": 18644,
    "index": 10
  },
  {
    "name": "Require(7) node_modules/egg-schedule/config/config.default.js",
    "start": 1609232778997,
    "end": 1609232778998,
    "duration": 1,
    "pid": 18644,
    "index": 11
  },
  {
    "name": "Require(8) node_modules/egg-multipart/config/config.default.js",
    "start": 1609232778998,
    "end": 1609232778999,
    "duration": 1,
    "pid": 18644,
    "index": 12
  },
  {
    "name": "Require(9) node_modules/egg-development/config/config.default.js",
    "start": 1609232778999,
    "end": 1609232779000,
    "duration": 1,
    "pid": 18644,
    "index": 13
  },
  {
    "name": "Require(10) node_modules/egg-logrotator/config/config.default.js",
    "start": 1609232779001,
    "end": 1609232779001,
    "duration": 0,
    "pid": 18644,
    "index": 14
  },
  {
    "name": "Require(11) node_modules/egg-static/config/config.default.js",
    "start": 1609232779002,
    "end": 1609232779002,
    "duration": 0,
    "pid": 18644,
    "index": 15
  },
  {
    "name": "Require(12) node_modules/egg-view/config/config.default.js",
    "start": 1609232779003,
    "end": 1609232779003,
    "duration": 0,
    "pid": 18644,
    "index": 16
  },
  {
    "name": "Require(13) node_modules/egg-validate/config/config.default.js",
    "start": 1609232779004,
    "end": 1609232779005,
    "duration": 1,
    "pid": 18644,
    "index": 17
  },
  {
    "name": "Require(14) node_modules/egg-view-ejs/config/config.default.js",
    "start": 1609232779005,
    "end": 1609232779006,
    "duration": 1,
    "pid": 18644,
    "index": 18
  },
  {
    "name": "Require(15) node_modules/egg-mysql/config/config.default.js",
    "start": 1609232779010,
    "end": 1609232779011,
    "duration": 1,
    "pid": 18644,
    "index": 19
  },
  {
    "name": "Require(16) node_modules/egg-sequelize/config/config.default.js",
    "start": 1609232779011,
    "end": 1609232779012,
    "duration": 1,
    "pid": 18644,
    "index": 20
  },
  {
    "name": "Require(17) node_modules/egg-jwt/config/config.default.js",
    "start": 1609232779012,
    "end": 1609232779013,
    "duration": 1,
    "pid": 18644,
    "index": 21
  },
  {
    "name": "Require(18) node_modules/egg-redis/config/config.default.js",
    "start": 1609232779013,
    "end": 1609232779014,
    "duration": 1,
    "pid": 18644,
    "index": 22
  },
  {
    "name": "Require(19) node_modules/egg/config/config.default.js",
    "start": 1609232779014,
    "end": 1609232779015,
    "duration": 1,
    "pid": 18644,
    "index": 23
  },
  {
    "name": "Require(20) config/config.default.js",
    "start": 1609232779016,
    "end": 1609232779016,
    "duration": 0,
    "pid": 18644,
    "index": 24
  },
  {
    "name": "Require(21) node_modules/egg-security/config/config.local.js",
    "start": 1609232779017,
    "end": 1609232779017,
    "duration": 0,
    "pid": 18644,
    "index": 25
  },
  {
    "name": "Require(22) node_modules/egg-watcher/config/config.local.js",
    "start": 1609232779019,
    "end": 1609232779019,
    "duration": 0,
    "pid": 18644,
    "index": 26
  },
  {
    "name": "Require(23) node_modules/egg-view/config/config.local.js",
    "start": 1609232779021,
    "end": 1609232779022,
    "duration": 1,
    "pid": 18644,
    "index": 27
  },
  {
    "name": "Require(24) node_modules/egg-view-ejs/config/config.local.js",
    "start": 1609232779023,
    "end": 1609232779023,
    "duration": 0,
    "pid": 18644,
    "index": 28
  },
  {
    "name": "Require(25) node_modules/egg/config/config.local.js",
    "start": 1609232779027,
    "end": 1609232779027,
    "duration": 0,
    "pid": 18644,
    "index": 29
  },
  {
    "name": "Load extend/application.js",
    "start": 1609232779028,
    "end": 1609232779108,
    "duration": 80,
    "pid": 18644,
    "index": 30
  },
  {
    "name": "Require(26) node_modules/egg-session/app/extend/application.js",
    "start": 1609232779029,
    "end": 1609232779029,
    "duration": 0,
    "pid": 18644,
    "index": 31
  },
  {
    "name": "Require(27) node_modules/egg-security/app/extend/application.js",
    "start": 1609232779030,
    "end": 1609232779032,
    "duration": 2,
    "pid": 18644,
    "index": 32
  },
  {
    "name": "Require(28) node_modules/egg-jsonp/app/extend/application.js",
    "start": 1609232779032,
    "end": 1609232779034,
    "duration": 2,
    "pid": 18644,
    "index": 33
  },
  {
    "name": "Require(29) node_modules/egg-logrotator/app/extend/application.js",
    "start": 1609232779036,
    "end": 1609232779038,
    "duration": 2,
    "pid": 18644,
    "index": 34
  },
  {
    "name": "Require(30) node_modules/egg-view/app/extend/application.js",
    "start": 1609232779040,
    "end": 1609232779041,
    "duration": 1,
    "pid": 18644,
    "index": 35
  },
  {
    "name": "Require(31) node_modules/egg-jwt/app/extend/application.js",
    "start": 1609232779045,
    "end": 1609232779097,
    "duration": 52,
    "pid": 18644,
    "index": 36
  },
  {
    "name": "Require(32) app/extend/application.js",
    "start": 1609232779098,
    "end": 1609232779099,
    "duration": 1,
    "pid": 18644,
    "index": 37
  },
  {
    "name": "Load extend/request.js",
    "start": 1609232779108,
    "end": 1609232779126,
    "duration": 18,
    "pid": 18644,
    "index": 38
  },
  {
    "name": "Require(33) node_modules/egg/app/extend/request.js",
    "start": 1609232779116,
    "end": 1609232779118,
    "duration": 2,
    "pid": 18644,
    "index": 39
  },
  {
    "name": "Require(34) app/extend/request.js",
    "start": 1609232779118,
    "end": 1609232779118,
    "duration": 0,
    "pid": 18644,
    "index": 40
  },
  {
    "name": "Load extend/response.js",
    "start": 1609232779127,
    "end": 1609232779146,
    "duration": 19,
    "pid": 18644,
    "index": 41
  },
  {
    "name": "Require(35) node_modules/egg/app/extend/response.js",
    "start": 1609232779134,
    "end": 1609232779137,
    "duration": 3,
    "pid": 18644,
    "index": 42
  },
  {
    "name": "Require(36) app/extend/response.js",
    "start": 1609232779138,
    "end": 1609232779138,
    "duration": 0,
    "pid": 18644,
    "index": 43
  },
  {
    "name": "Load extend/context.js",
    "start": 1609232779146,
    "end": 1609232779230,
    "duration": 84,
    "pid": 18644,
    "index": 44
  },
  {
    "name": "Require(37) node_modules/egg-security/app/extend/context.js",
    "start": 1609232779147,
    "end": 1609232779160,
    "duration": 13,
    "pid": 18644,
    "index": 45
  },
  {
    "name": "Require(38) node_modules/egg-jsonp/app/extend/context.js",
    "start": 1609232779161,
    "end": 1609232779163,
    "duration": 2,
    "pid": 18644,
    "index": 46
  },
  {
    "name": "Require(39) node_modules/egg-i18n/app/extend/context.js",
    "start": 1609232779163,
    "end": 1609232779164,
    "duration": 1,
    "pid": 18644,
    "index": 47
  },
  {
    "name": "Require(40) node_modules/egg-multipart/app/extend/context.js",
    "start": 1609232779165,
    "end": 1609232779212,
    "duration": 47,
    "pid": 18644,
    "index": 48
  },
  {
    "name": "Require(41) node_modules/egg-view/app/extend/context.js",
    "start": 1609232779213,
    "end": 1609232779214,
    "duration": 1,
    "pid": 18644,
    "index": 49
  },
  {
    "name": "Require(42) node_modules/egg-validate/app/extend/context.js",
    "start": 1609232779215,
    "end": 1609232779215,
    "duration": 0,
    "pid": 18644,
    "index": 50
  },
  {
    "name": "Require(43) lib/plugin/egg-info/app/extend/context.js",
    "start": 1609232779216,
    "end": 1609232779217,
    "duration": 1,
    "pid": 18644,
    "index": 51
  },
  {
    "name": "Require(44) node_modules/egg/app/extend/context.js",
    "start": 1609232779220,
    "end": 1609232779221,
    "duration": 1,
    "pid": 18644,
    "index": 52
  },
  {
    "name": "Require(45) app/extend/context.js",
    "start": 1609232779221,
    "end": 1609232779222,
    "duration": 1,
    "pid": 18644,
    "index": 53
  },
  {
    "name": "Load extend/helper.js",
    "start": 1609232779230,
    "end": 1609232779268,
    "duration": 38,
    "pid": 18644,
    "index": 54
  },
  {
    "name": "Require(46) node_modules/egg-security/app/extend/helper.js",
    "start": 1609232779230,
    "end": 1609232779249,
    "duration": 19,
    "pid": 18644,
    "index": 55
  },
  {
    "name": "Require(47) node_modules/egg/app/extend/helper.js",
    "start": 1609232779257,
    "end": 1609232779257,
    "duration": 0,
    "pid": 18644,
    "index": 56
  },
  {
    "name": "Require(48) app/extend/helper.js",
    "start": 1609232779258,
    "end": 1609232779260,
    "duration": 2,
    "pid": 18644,
    "index": 57
  },
  {
    "name": "Load app.js",
    "start": 1609232779269,
    "end": 1609232779356,
    "duration": 87,
    "pid": 18644,
    "index": 58
  },
  {
    "name": "Require(49) node_modules/egg-session/app.js",
    "start": 1609232779269,
    "end": 1609232779269,
    "duration": 0,
    "pid": 18644,
    "index": 59
  },
  {
    "name": "Require(50) node_modules/egg-security/app.js",
    "start": 1609232779270,
    "end": 1609232779273,
    "duration": 3,
    "pid": 18644,
    "index": 60
  },
  {
    "name": "Require(51) node_modules/egg-onerror/app.js",
    "start": 1609232779274,
    "end": 1609232779285,
    "duration": 11,
    "pid": 18644,
    "index": 61
  },
  {
    "name": "Require(52) node_modules/egg-i18n/app.js",
    "start": 1609232779286,
    "end": 1609232779303,
    "duration": 17,
    "pid": 18644,
    "index": 62
  },
  {
    "name": "Require(53) node_modules/egg-watcher/app.js",
    "start": 1609232779304,
    "end": 1609232779311,
    "duration": 7,
    "pid": 18644,
    "index": 63
  },
  {
    "name": "Require(54) node_modules/egg-schedule/app.js",
    "start": 1609232779312,
    "end": 1609232779314,
    "duration": 2,
    "pid": 18644,
    "index": 64
  },
  {
    "name": "Require(55) node_modules/egg-multipart/app.js",
    "start": 1609232779315,
    "end": 1609232779316,
    "duration": 1,
    "pid": 18644,
    "index": 65
  },
  {
    "name": "Require(56) node_modules/egg-development/app.js",
    "start": 1609232779316,
    "end": 1609232779317,
    "duration": 1,
    "pid": 18644,
    "index": 66
  },
  {
    "name": "Require(57) node_modules/egg-logrotator/app.js",
    "start": 1609232779317,
    "end": 1609232779318,
    "duration": 1,
    "pid": 18644,
    "index": 67
  },
  {
    "name": "Require(58) node_modules/egg-static/app.js",
    "start": 1609232779318,
    "end": 1609232779318,
    "duration": 0,
    "pid": 18644,
    "index": 68
  },
  {
    "name": "Require(59) node_modules/egg-validate/app.js",
    "start": 1609232779319,
    "end": 1609232779321,
    "duration": 2,
    "pid": 18644,
    "index": 69
  },
  {
    "name": "Require(60) node_modules/egg-view-ejs/app.js",
    "start": 1609232779322,
    "end": 1609232779322,
    "duration": 0,
    "pid": 18644,
    "index": 70
  },
  {
    "name": "Require(61) node_modules/egg-mysql/app.js",
    "start": 1609232779327,
    "end": 1609232779351,
    "duration": 24,
    "pid": 18644,
    "index": 71
  },
  {
    "name": "Require(62) node_modules/egg-sequelize/app.js",
    "start": 1609232779351,
    "end": 1609232779351,
    "duration": 0,
    "pid": 18644,
    "index": 72
  },
  {
    "name": "Require(63) node_modules/egg-jwt/app.js",
    "start": 1609232779352,
    "end": 1609232779352,
    "duration": 0,
    "pid": 18644,
    "index": 73
  },
  {
    "name": "Require(64) node_modules/egg-redis/app.js",
    "start": 1609232779352,
    "end": 1609232779354,
    "duration": 2,
    "pid": 18644,
    "index": 74
  },
  {
    "name": "Require(65) app.js",
    "start": 1609232779355,
    "end": 1609232779356,
    "duration": 1,
    "pid": 18644,
    "index": 75
  },
  {
    "name": "Before Start in node_modules/egg-watcher/lib/init.js:15:14",
    "start": 1609232779369,
    "end": 1609232780101,
    "duration": 732,
    "pid": 18644,
    "index": 76
  },
  {
    "name": "Before Start in node_modules/egg-mysql/lib/mysql.js:20:7",
    "start": 1609232779482,
    "end": 1609232780102,
    "duration": 620,
    "pid": 18644,
    "index": 77
  },
  {
    "name": "Load \"Symbol(model)\" to Application",
    "start": 1609232779808,
    "end": 1609232779821,
    "duration": 13,
    "pid": 18644,
    "index": 78
  },
  {
    "name": "Before Start in node_modules/egg-sequelize/lib/loader.js:39:7",
    "start": 1609232779823,
    "end": 1609232780113,
    "duration": 290,
    "pid": 18644,
    "index": 79
  },
  {
    "name": "Before Start in node_modules/egg-redis/lib/redis.js:53:7",
    "start": 1609232779878,
    "end": 1609232780078,
    "duration": 200,
    "pid": 18644,
    "index": 80
  },
  {
    "name": "Load Service",
    "start": 1609232779878,
    "end": 1609232779897,
    "duration": 19,
    "pid": 18644,
    "index": 81
  },
  {
    "name": "Load \"service\" to Context",
    "start": 1609232779879,
    "end": 1609232779897,
    "duration": 18,
    "pid": 18644,
    "index": 82
  },
  {
    "name": "Load Middleware",
    "start": 1609232779897,
    "end": 1609232780047,
    "duration": 150,
    "pid": 18644,
    "index": 83
  },
  {
    "name": "Load \"middlewares\" to Application",
    "start": 1609232779898,
    "end": 1609232780035,
    "duration": 137,
    "pid": 18644,
    "index": 84
  },
  {
    "name": "Load Controller",
    "start": 1609232780047,
    "end": 1609232780053,
    "duration": 6,
    "pid": 18644,
    "index": 85
  },
  {
    "name": "Load \"controller\" to Application",
    "start": 1609232780047,
    "end": 1609232780053,
    "duration": 6,
    "pid": 18644,
    "index": 86
  },
  {
    "name": "Load Router",
    "start": 1609232780053,
    "end": 1609232780056,
    "duration": 3,
    "pid": 18644,
    "index": 87
  },
  {
    "name": "Require(66) app/router.js",
    "start": 1609232780054,
    "end": 1609232780054,
    "duration": 0,
    "pid": 18644,
    "index": 88
  },
  {
    "name": "Before Start in node_modules/egg-core/lib/egg.js:303:10",
    "start": 1609232780054,
    "end": 1609232780068,
    "duration": 14,
    "pid": 18644,
    "index": 89
  }
]