[
  {
    "name": "Process Start",
    "start": 1609232902971,
    "end": 1609232904068,
    "duration": 1097,
    "pid": 14440,
    "index": 0
  },
  {
    "name": "Application Start",
    "start": 1609232904069,
    "end": 1609232905185,
    "duration": 1116,
    "pid": 14440,
    "index": 1
  },
  {
    "name": "Load Plugin",
    "start": 1609232904075,
    "end": 1609232904116,
    "duration": 41,
    "pid": 14440,
    "index": 2
  },
  {
    "name": "Load Config",
    "start": 1609232904116,
    "end": 1609232904153,
    "duration": 37,
    "pid": 14440,
    "index": 3
  },
  {
    "name": "Require(0) config/config.default.js",
    "start": 1609232904116,
    "end": 1609232904117,
    "duration": 1,
    "pid": 14440,
    "index": 4
  },
  {
    "name": "Require(1) node_modules/egg-session/config/config.default.js",
    "start": 1609232904119,
    "end": 1609232904119,
    "duration": 0,
    "pid": 14440,
    "index": 5
  },
  {
    "name": "Require(2) node_modules/egg-security/config/config.default.js",
    "start": 1609232904120,
    "end": 1609232904120,
    "duration": 0,
    "pid": 14440,
    "index": 6
  },
  {
    "name": "Require(3) node_modules/egg-jsonp/config/config.default.js",
    "start": 1609232904121,
    "end": 1609232904122,
    "duration": 1,
    "pid": 14440,
    "index": 7
  },
  {
    "name": "Require(4) node_modules/egg-onerror/config/config.default.js",
    "start": 1609232904122,
    "end": 1609232904123,
    "duration": 1,
    "pid": 14440,
    "index": 8
  },
  {
    "name": "Require(5) node_modules/egg-i18n/config/config.default.js",
    "start": 1609232904123,
    "end": 1609232904124,
    "duration": 1,
    "pid": 14440,
    "index": 9
  },
  {
    "name": "Require(6) node_modules/egg-watcher/config/config.default.js",
    "start": 1609232904124,
    "end": 1609232904125,
    "duration": 1,
    "pid": 14440,
    "index": 10
  },
  {
    "name": "Require(7) node_modules/egg-schedule/config/config.default.js",
    "start": 1609232904125,
    "end": 1609232904126,
    "duration": 1,
    "pid": 14440,
    "index": 11
  },
  {
    "name": "Require(8) node_modules/egg-multipart/config/config.default.js",
    "start": 1609232904127,
    "end": 1609232904127,
    "duration": 0,
    "pid": 14440,
    "index": 12
  },
  {
    "name": "Require(9) node_modules/egg-development/config/config.default.js",
    "start": 1609232904128,
    "end": 1609232904128,
    "duration": 0,
    "pid": 14440,
    "index": 13
  },
  {
    "name": "Require(10) node_modules/egg-logrotator/config/config.default.js",
    "start": 1609232904129,
    "end": 1609232904129,
    "duration": 0,
    "pid": 14440,
    "index": 14
  },
  {
    "name": "Require(11) node_modules/egg-static/config/config.default.js",
    "start": 1609232904130,
    "end": 1609232904130,
    "duration": 0,
    "pid": 14440,
    "index": 15
  },
  {
    "name": "Require(12) node_modules/egg-view/config/config.default.js",
    "start": 1609232904131,
    "end": 1609232904132,
    "duration": 1,
    "pid": 14440,
    "index": 16
  },
  {
    "name": "Require(13) node_modules/egg-validate/config/config.default.js",
    "start": 1609232904132,
    "end": 1609232904133,
    "duration": 1,
    "pid": 14440,
    "index": 17
  },
  {
    "name": "Require(14) node_modules/egg-view-ejs/config/config.default.js",
    "start": 1609232904133,
    "end": 1609232904134,
    "duration": 1,
    "pid": 14440,
    "index": 18
  },
  {
    "name": "Require(15) node_modules/egg-mysql/config/config.default.js",
    "start": 1609232904137,
    "end": 1609232904138,
    "duration": 1,
    "pid": 14440,
    "index": 19
  },
  {
    "name": "Require(16) node_modules/egg-sequelize/config/config.default.js",
    "start": 1609232904138,
    "end": 1609232904139,
    "duration": 1,
    "pid": 14440,
    "index": 20
  },
  {
    "name": "Require(17) node_modules/egg-jwt/config/config.default.js",
    "start": 1609232904139,
    "end": 1609232904140,
    "duration": 1,
    "pid": 14440,
    "index": 21
  },
  {
    "name": "Require(18) node_modules/egg-redis/config/config.default.js",
    "start": 1609232904140,
    "end": 1609232904141,
    "duration": 1,
    "pid": 14440,
    "index": 22
  },
  {
    "name": "Require(19) node_modules/egg/config/config.default.js",
    "start": 1609232904141,
    "end": 1609232904141,
    "duration": 0,
    "pid": 14440,
    "index": 23
  },
  {
    "name": "Require(20) config/config.default.js",
    "start": 1609232904142,
    "end": 1609232904142,
    "duration": 0,
    "pid": 14440,
    "index": 24
  },
  {
    "name": "Require(21) node_modules/egg-security/config/config.local.js",
    "start": 1609232904143,
    "end": 1609232904144,
    "duration": 1,
    "pid": 14440,
    "index": 25
  },
  {
    "name": "Require(22) node_modules/egg-watcher/config/config.local.js",
    "start": 1609232904145,
    "end": 1609232904145,
    "duration": 0,
    "pid": 14440,
    "index": 26
  },
  {
    "name": "Require(23) node_modules/egg-view/config/config.local.js",
    "start": 1609232904148,
    "end": 1609232904148,
    "duration": 0,
    "pid": 14440,
    "index": 27
  },
  {
    "name": "Require(24) node_modules/egg-view-ejs/config/config.local.js",
    "start": 1609232904149,
    "end": 1609232904149,
    "duration": 0,
    "pid": 14440,
    "index": 28
  },
  {
    "name": "Require(25) node_modules/egg/config/config.local.js",
    "start": 1609232904152,
    "end": 1609232904153,
    "duration": 1,
    "pid": 14440,
    "index": 29
  },
  {
    "name": "Load extend/application.js",
    "start": 1609232904153,
    "end": 1609232904228,
    "duration": 75,
    "pid": 14440,
    "index": 30
  },
  {
    "name": "Require(26) node_modules/egg-session/app/extend/application.js",
    "start": 1609232904154,
    "end": 1609232904155,
    "duration": 1,
    "pid": 14440,
    "index": 31
  },
  {
    "name": "Require(27) node_modules/egg-security/app/extend/application.js",
    "start": 1609232904155,
    "end": 1609232904157,
    "duration": 2,
    "pid": 14440,
    "index": 32
  },
  {
    "name": "Require(28) node_modules/egg-jsonp/app/extend/application.js",
    "start": 1609232904157,
    "end": 1609232904159,
    "duration": 2,
    "pid": 14440,
    "index": 33
  },
  {
    "name": "Require(29) node_modules/egg-logrotator/app/extend/application.js",
    "start": 1609232904161,
    "end": 1609232904164,
    "duration": 3,
    "pid": 14440,
    "index": 34
  },
  {
    "name": "Require(30) node_modules/egg-view/app/extend/application.js",
    "start": 1609232904164,
    "end": 1609232904166,
    "duration": 2,
    "pid": 14440,
    "index": 35
  },
  {
    "name": "Require(31) node_modules/egg-jwt/app/extend/application.js",
    "start": 1609232904169,
    "end": 1609232904218,
    "duration": 49,
    "pid": 14440,
    "index": 36
  },
  {
    "name": "Require(32) app/extend/application.js",
    "start": 1609232904219,
    "end": 1609232904220,
    "duration": 1,
    "pid": 14440,
    "index": 37
  },
  {
    "name": "Load extend/request.js",
    "start": 1609232904228,
    "end": 1609232904245,
    "duration": 17,
    "pid": 14440,
    "index": 38
  },
  {
    "name": "Require(33) node_modules/egg/app/extend/request.js",
    "start": 1609232904235,
    "end": 1609232904236,
    "duration": 1,
    "pid": 14440,
    "index": 39
  },
  {
    "name": "Require(34) app/extend/request.js",
    "start": 1609232904237,
    "end": 1609232904237,
    "duration": 0,
    "pid": 14440,
    "index": 40
  },
  {
    "name": "Load extend/response.js",
    "start": 1609232904245,
    "end": 1609232904262,
    "duration": 17,
    "pid": 14440,
    "index": 41
  },
  {
    "name": "Require(35) node_modules/egg/app/extend/response.js",
    "start": 1609232904252,
    "end": 1609232904254,
    "duration": 2,
    "pid": 14440,
    "index": 42
  },
  {
    "name": "Require(36) app/extend/response.js",
    "start": 1609232904255,
    "end": 1609232904255,
    "duration": 0,
    "pid": 14440,
    "index": 43
  },
  {
    "name": "Load extend/context.js",
    "start": 1609232904263,
    "end": 1609232904341,
    "duration": 78,
    "pid": 14440,
    "index": 44
  },
  {
    "name": "Require(37) node_modules/egg-security/app/extend/context.js",
    "start": 1609232904263,
    "end": 1609232904276,
    "duration": 13,
    "pid": 14440,
    "index": 45
  },
  {
    "name": "Require(38) node_modules/egg-jsonp/app/extend/context.js",
    "start": 1609232904276,
    "end": 1609232904278,
    "duration": 2,
    "pid": 14440,
    "index": 46
  },
  {
    "name": "Require(39) node_modules/egg-i18n/app/extend/context.js",
    "start": 1609232904279,
    "end": 1609232904279,
    "duration": 0,
    "pid": 14440,
    "index": 47
  },
  {
    "name": "Require(40) node_modules/egg-multipart/app/extend/context.js",
    "start": 1609232904281,
    "end": 1609232904324,
    "duration": 43,
    "pid": 14440,
    "index": 48
  },
  {
    "name": "Require(41) node_modules/egg-view/app/extend/context.js",
    "start": 1609232904325,
    "end": 1609232904326,
    "duration": 1,
    "pid": 14440,
    "index": 49
  },
  {
    "name": "Require(42) node_modules/egg-validate/app/extend/context.js",
    "start": 1609232904327,
    "end": 1609232904327,
    "duration": 0,
    "pid": 14440,
    "index": 50
  },
  {
    "name": "Require(43) lib/plugin/egg-info/app/extend/context.js",
    "start": 1609232904328,
    "end": 1609232904329,
    "duration": 1,
    "pid": 14440,
    "index": 51
  },
  {
    "name": "Require(44) node_modules/egg/app/extend/context.js",
    "start": 1609232904331,
    "end": 1609232904333,
    "duration": 2,
    "pid": 14440,
    "index": 52
  },
  {
    "name": "Require(45) app/extend/context.js",
    "start": 1609232904333,
    "end": 1609232904333,
    "duration": 0,
    "pid": 14440,
    "index": 53
  },
  {
    "name": "Load extend/helper.js",
    "start": 1609232904341,
    "end": 1609232904378,
    "duration": 37,
    "pid": 14440,
    "index": 54
  },
  {
    "name": "Require(46) node_modules/egg-security/app/extend/helper.js",
    "start": 1609232904342,
    "end": 1609232904360,
    "duration": 18,
    "pid": 14440,
    "index": 55
  },
  {
    "name": "Require(47) node_modules/egg/app/extend/helper.js",
    "start": 1609232904367,
    "end": 1609232904368,
    "duration": 1,
    "pid": 14440,
    "index": 56
  },
  {
    "name": "Require(48) app/extend/helper.js",
    "start": 1609232904368,
    "end": 1609232904370,
    "duration": 2,
    "pid": 14440,
    "index": 57
  },
  {
    "name": "Load app.js",
    "start": 1609232904378,
    "end": 1609232904452,
    "duration": 74,
    "pid": 14440,
    "index": 58
  },
  {
    "name": "Require(49) node_modules/egg-session/app.js",
    "start": 1609232904379,
    "end": 1609232904379,
    "duration": 0,
    "pid": 14440,
    "index": 59
  },
  {
    "name": "Require(50) node_modules/egg-security/app.js",
    "start": 1609232904380,
    "end": 1609232904381,
    "duration": 1,
    "pid": 14440,
    "index": 60
  },
  {
    "name": "Require(51) node_modules/egg-onerror/app.js",
    "start": 1609232904382,
    "end": 1609232904392,
    "duration": 10,
    "pid": 14440,
    "index": 61
  },
  {
    "name": "Require(52) node_modules/egg-i18n/app.js",
    "start": 1609232904393,
    "end": 1609232904409,
    "duration": 16,
    "pid": 14440,
    "index": 62
  },
  {
    "name": "Require(53) node_modules/egg-watcher/app.js",
    "start": 1609232904410,
    "end": 1609232904414,
    "duration": 4,
    "pid": 14440,
    "index": 63
  },
  {
    "name": "Require(54) node_modules/egg-schedule/app.js",
    "start": 1609232904414,
    "end": 1609232904416,
    "duration": 2,
    "pid": 14440,
    "index": 64
  },
  {
    "name": "Require(55) node_modules/egg-multipart/app.js",
    "start": 1609232904416,
    "end": 1609232904417,
    "duration": 1,
    "pid": 14440,
    "index": 65
  },
  {
    "name": "Require(56) node_modules/egg-development/app.js",
    "start": 1609232904417,
    "end": 1609232904417,
    "duration": 0,
    "pid": 14440,
    "index": 66
  },
  {
    "name": "Require(57) node_modules/egg-logrotator/app.js",
    "start": 1609232904418,
    "end": 1609232904418,
    "duration": 0,
    "pid": 14440,
    "index": 67
  },
  {
    "name": "Require(58) node_modules/egg-static/app.js",
    "start": 1609232904418,
    "end": 1609232904419,
    "duration": 1,
    "pid": 14440,
    "index": 68
  },
  {
    "name": "Require(59) node_modules/egg-validate/app.js",
    "start": 1609232904420,
    "end": 1609232904422,
    "duration": 2,
    "pid": 14440,
    "index": 69
  },
  {
    "name": "Require(60) node_modules/egg-view-ejs/app.js",
    "start": 1609232904422,
    "end": 1609232904422,
    "duration": 0,
    "pid": 14440,
    "index": 70
  },
  {
    "name": "Require(61) node_modules/egg-mysql/app.js",
    "start": 1609232904427,
    "end": 1609232904448,
    "duration": 21,
    "pid": 14440,
    "index": 71
  },
  {
    "name": "Require(62) node_modules/egg-sequelize/app.js",
    "start": 1609232904448,
    "end": 1609232904448,
    "duration": 0,
    "pid": 14440,
    "index": 72
  },
  {
    "name": "Require(63) node_modules/egg-jwt/app.js",
    "start": 1609232904449,
    "end": 1609232904449,
    "duration": 0,
    "pid": 14440,
    "index": 73
  },
  {
    "name": "Require(64) node_modules/egg-redis/app.js",
    "start": 1609232904449,
    "end": 1609232904451,
    "duration": 2,
    "pid": 14440,
    "index": 74
  },
  {
    "name": "Require(65) app.js",
    "start": 1609232904452,
    "end": 1609232904452,
    "duration": 0,
    "pid": 14440,
    "index": 75
  },
  {
    "name": "Before Start in node_modules/egg-watcher/lib/init.js:15:14",
    "start": 1609232904465,
    "end": 1609232905173,
    "duration": 708,
    "pid": 14440,
    "index": 76
  },
  {
    "name": "Before Start in node_modules/egg-mysql/lib/mysql.js:20:7",
    "start": 1609232904574,
    "end": 1609232905174,
    "duration": 600,
    "pid": 14440,
    "index": 77
  },
  {
    "name": "Load \"Symbol(model)\" to Application",
    "start": 1609232904884,
    "end": 1609232904897,
    "duration": 13,
    "pid": 14440,
    "index": 78
  },
  {
    "name": "Before Start in node_modules/egg-sequelize/lib/loader.js:39:7",
    "start": 1609232904899,
    "end": 1609232905185,
    "duration": 286,
    "pid": 14440,
    "index": 79
  },
  {
    "name": "Before Start in node_modules/egg-redis/lib/redis.js:53:7",
    "start": 1609232904952,
    "end": 1609232905152,
    "duration": 200,
    "pid": 14440,
    "index": 80
  },
  {
    "name": "Load Service",
    "start": 1609232904952,
    "end": 1609232904971,
    "duration": 19,
    "pid": 14440,
    "index": 81
  },
  {
    "name": "Load \"service\" to Context",
    "start": 1609232904952,
    "end": 1609232904971,
    "duration": 19,
    "pid": 14440,
    "index": 82
  },
  {
    "name": "Load Middleware",
    "start": 1609232904971,
    "end": 1609232905120,
    "duration": 149,
    "pid": 14440,
    "index": 83
  },
  {
    "name": "Load \"middlewares\" to Application",
    "start": 1609232904971,
    "end": 1609232905109,
    "duration": 138,
    "pid": 14440,
    "index": 84
  },
  {
    "name": "Load Controller",
    "start": 1609232905120,
    "end": 1609232905127,
    "duration": 7,
    "pid": 14440,
    "index": 85
  },
  {
    "name": "Load \"controller\" to Application",
    "start": 1609232905121,
    "end": 1609232905127,
    "duration": 6,
    "pid": 14440,
    "index": 86
  },
  {
    "name": "Load Router",
    "start": 1609232905127,
    "end": 1609232905129,
    "duration": 2,
    "pid": 14440,
    "index": 87
  },
  {
    "name": "Require(66) app/router.js",
    "start": 1609232905127,
    "end": 1609232905128,
    "duration": 1,
    "pid": 14440,
    "index": 88
  },
  {
    "name": "Before Start in node_modules/egg-core/lib/egg.js:303:10",
    "start": 1609232905128,
    "end": 1609232905142,
    "duration": 14,
    "pid": 14440,
    "index": 89
  }
]